company,approved_symbol,confidence,status,year,issue_price,issue_size_cr,open_date,close_date,listing_date,qib_subscription_x,nii_subscription_x,rii_subscription_x,total_subscription_x,brlm_names
CMS Info Systems,CMSINFO,100,IN_DB,2021,216.0,1100.0,2021-12-21,2021-12-23,2021-12-31 00:00:00,1.98,1.45,2.15,1.95,"Axis Capital, Jefferies, JM Financial, DAM Capital"
Supriya Lifescience,SUPRIYA,100,IN_DB,2021,274.0,700.0,2021-12-16,2021-12-20,2021-12-28 00:00:00,31.83,161.22,56.01,71.51,"Axis Capital, ICICI Securities"
HP Adhesives,HPAL,100,IN_DB,2021,274.0,125.96,2021-12-15,2021-12-17,2021-12-27 00:00:00,1.82,19.04,81.24,20.96,Unistone Capital (sole)
Data Patterns (India),DATAPATTNS,100,IN_DB,2021,585.0,588.22,2021-12-14,2021-12-16,2021-12-24 00:00:00,190.86,254.22,23.14,119.62,"IIFL Capital, JM Financial"
Medplus Health Services,MEDPLUS,89,REVIEW,2021,796.0,1398.3,2021-12-13,2021-12-15,2021-12-23 00:00:00,111.9,85.33,5.24,52.59,"Axis Capital, Credit Suisse, Edelweiss, Nomura"
Metro Brands,METROBRAND,100,IN_DB,2021,500.0,1367.51,2021-12-10,2021-12-14,2021-12-22 00:00:00,8.49,3.02,1.13,3.64,"Axis Capital, Ambit, DAM Capital, Equirus, ICICI Securities, Motilal Oswal"
C.E. Info Systems,MAPMYINDIA,100,IN_DB,2021,1033.0,1039.61,2021-12-09,2021-12-13,2021-12-21 00:00:00,196.36,424.69,15.2,154.71,"Axis Capital, JM Financial, Kotak Mahindra Capital"
Shriram Properties,SHRIRAMPPS,100,IN_DB,2021,118.0,600.0,2021-12-08,2021-12-10,2021-12-20 00:00:00,1.85,4.82,12.72,4.6,"Axis Capital, ICICI Securities, Nomura"
Rategain Travel Technologies,RATEGAIN,84,REVIEW,2021,425.0,1335.74,2021-12-07,2021-12-09,2021-12-17 00:00:00,8.42,42.04,8.08,17.41,"Kotak Mahindra Capital, IIFL, Nomura"
Anand Rathi Wealth,ARWL,100,IN_DB,2021,550.0,660.0,2021-12-02,2021-12-06,2021-12-14 00:00:00,2.5,25.42,7.76,9.78,"Anand Rathi Securities, BNP Paribas, Equirus, IIFL"
Tega Industries,TEGA,100,IN_DB,2021,453.0,619.23,2021-12-01,2021-12-03,2021-12-13 00:00:00,215.45,666.0,29.44,219.04,"Axis Capital, JM Financial"
Star Health and Allied Insurance,,68,UNRESOLVED,2021,900.0,7249.18,2021-11-30,2021-12-02,2021-12-10 00:00:00,1.03,0.19,1.1,0.79,"Ambit, Axis, BofA, Citi, CLSA, Credit Suisse, DAM, ICICI Sec, IIFL, Jefferies, Kotak, SBI Caps"
Go Fashion (India),GOCOLORS,100,IN_DB,2021,690.0,1013.61,2021-11-17,2021-11-22,2021-11-30 00:00:00,100.73,262.08,49.7,135.46,"DAM Capital, ICICI Securities, JM Financial"
Tarsons Products,TARSONS,100,IN_DB,2021,662.0,1023.47,2021-11-15,2021-11-17,2021-11-26 00:00:00,115.77,184.58,10.56,77.49,"ICICI Securities, SBI Caps, Edelweiss"
Latent View Analytics,LATENTVIEW,100,IN_DB,2021,197.0,600.0,2021-11-10,2021-11-12,2021-11-23 00:00:00,145.48,850.66,119.44,326.49,"Axis Capital, Haitong, ICICI Securities"
Sapphire Foods India,SAPPHIRE,100,IN_DB,2021,1180.0,2073.25,2021-11-09,2021-11-11,2021-11-18 00:00:00,7.5,3.46,8.7,6.62,"BofA Securities, ICICI Securities, IIFL, JM Financial"
One 97 Communications,PAYTM,100,AUTO,2021,2150.0,18300.0,2021-11-08,2021-11-10,2021-11-18 00:00:00,2.79,0.24,1.65,1.89,"Axis Capital, Citi, Goldman Sachs, HDFC Bank, ICICI Securities, JP Morgan, Morgan Stanley"
Sigachi Industries,SIGACHI,100,IN_DB,2021,163.0,125.43,2021-11-01,2021-11-03,2021-11-15 00:00:00,86.51,172.43,80.49,101.91,"Unistone Capital (sole, fringe)"
PB Fintech,POLICYBZR,100,IN_DB,2021,980.0,5625.0,2021-11-01,2021-11-03,2021-11-15 00:00:00,24.89,7.82,3.31,16.59,"Kotak, Morgan Stanley, Citi, ICICI Securities, HDFC Bank, IIFL, Jefferies"
S.J.S. Enterprises,SJS,100,IN_DB,2021,542.0,800.0,2021-11-01,2021-11-03,2021-11-15 00:00:00,1.42,2.32,1.38,1.59,"Axis Capital, Edelweiss, IIFL"
Fino Payments Bank,FINOPB,100,IN_DB,2021,577.0,1200.29,2021-10-29,2021-11-02,2021-11-12 00:00:00,1.65,0.21,5.92,2.03,"Axis Capital, CLSA, ICICI Securities, Nomura"
FSN E-Commerce Ventures,NYKAA,100,AUTO,2021,1125.0,5351.92,2021-10-28,2021-11-01,2021-11-10 00:00:00,91.18,112.02,12.24,81.78,"BofA, Citi, ICICI Securities, JM Financial, Kotak, Morgan Stanley"
Aditya Birla Sun Life AMC,ABSLAMC,89,REVIEW,2021,712.0,2768.26,2021-09-29,2021-10-01,2021-10-11 00:00:00,10.36,4.39,3.24,5.25,"Axis Capital, BofA, Citi, HDFC Bank, ICICI Securities, Kotak, SBI Caps"
Paras Defence,,69,UNRESOLVED,2021,175.0,170.78,2021-09-21,2021-09-23,2021-10-01 00:00:00,169.65,927.7,112.81,304.26,Anand Rathi Advisors (sole)
Sansera Engineering,SANSERA,100,IN_DB,2021,744.0,1282.98,2021-09-14,2021-09-16,2021-09-24 00:00:00,26.47,11.37,3.15,11.47,"ICICI Securities, IIFL, Nomura"
Vijaya Diagnostic Centre,VIJAYA,93,AUTO,2021,531.0,1895.04,2021-09-01,2021-09-03,2021-09-14 00:00:00,13.07,1.32,1.09,4.54,"Kotak, ICICI Securities, Edelweiss"
Ami Organics,AMIORG,100,IN_DB,2021,610.0,569.64,2021-09-01,2021-09-03,2021-09-14 00:00:00,86.64,154.34,13.36,64.54,"Ambit, Axis Capital, Intensive Fiscal"
Chemplast Sanmar,CHEMPLASTS,100,IN_DB,2021,541.0,3850.0,2021-08-10,2021-08-12,2021-08-24 00:00:00,2.7,1.03,2.29,2.17,"ICICI Securities, Ambit, Credit Suisse, HSBC, IIFL, JM, BNP"
Aptus Value Housing Finance,APTUS,100,IN_DB,2021,353.0,2780.05,2021-08-10,2021-08-12,2021-08-24 00:00:00,32.41,33.91,1.35,17.2,"Citi, Edelweiss, ICICI Securities, Kotak"
CarTrade Tech,CARTRADE,100,IN_DB,2021,1618.0,2998.51,2021-08-09,2021-08-11,2021-08-20 00:00:00,48.0,40.0,2.75,20.29,"Axis Capital, Kotak, Citi, Nomura"
Nuvoco Vistas Corporation,NUVOCO,82,REVIEW,2021,570.0,5000.0,2021-08-09,2021-08-11,2021-08-23 00:00:00,4.23,0.66,0.73,1.71,"Axis Capital, JP Morgan, ICICI Securities, Kotak, HSBC, SBI Caps"
Krsnaa Diagnostics,KRSNAA,100,IN_DB,2021,954.0,1213.33,2021-08-04,2021-08-06,2021-08-16 00:00:00,49.83,116.3,42.03,64.4,"DAM Capital, Equirus, IIFL, JM Financial"
Devyani International,DEVYANI,100,IN_DB,2021,90.0,1838.0,2021-08-04,2021-08-06,2021-08-16 00:00:00,95.27,213.06,39.48,116.7,"Kotak, CLSA, Edelweiss, Motilal Oswal"
Windlas Biotech,WINDLAS,100,IN_DB,2021,460.0,401.54,2021-08-04,2021-08-06,2021-08-16 00:00:00,24.4,15.73,24.22,22.44,"DAM Capital, IIFL, SBI Caps"
Exxaro Tiles,EXXARO,100,IN_DB,2021,120.0,161.09,2021-08-04,2021-08-06,2021-08-16 00:00:00,17.67,5.36,40.1,22.67,Pantomath Capital (sole)
Rolex Rings,ROLEXRINGS,100,IN_DB,2021,900.0,731.0,2021-07-28,2021-07-30,2021-08-09 00:00:00,143.58,360.11,24.49,130.44,Equirus Capital (sole)
Glenmark Life Sciences,GLENMARK,100,IN_DB,2021,720.0,1513.6,2021-07-27,2021-07-29,2021-08-06 00:00:00,36.97,122.54,14.63,44.17,"BofA, BOB Capital, DAM Capital, Goldman Sachs, Kotak, SBI Caps"
Tatva Chintan Pharma Chem,TATVA,100,IN_DB,2021,1083.0,500.0,2021-07-16,2021-07-20,2021-07-29 00:00:00,183.0,512.0,35.35,180.36,ICICI Securities (sole)
Zomato,ZOMATO,100,IN_DB,2021,76.0,9375.0,2021-07-14,2021-07-16,2021-07-23 00:00:00,51.79,32.96,7.45,38.25,"BofA, Morgan Stanley, Kotak, Citi, Credit Suisse"
Clean Science and Technology,CLEAN,100,IN_DB,2021,900.0,1546.62,2021-07-07,2021-07-09,2021-07-19 00:00:00,156.37,206.43,9.0,93.41,"Axis Capital, JM Financial, Kotak"
G R Infraprojects,GRINFRA,100,IN_DB,2021,837.0,963.28,2021-07-07,2021-07-09,2021-07-19 00:00:00,168.58,238.04,12.57,102.58,"Equirus, HDFC Bank, ICICI Securities, Kotak, Motilal Oswal, SBI Caps"
India Pesticides,IPL,100,IN_DB,2021,296.0,800.0,2021-06-23,2021-06-25,2021-07-05 00:00:00,42.95,51.88,11.3,29.04,"Axis Capital, JM Financial"
Krishna Institute of Medical Sciences,,72,UNRESOLVED,2021,825.0,2143.74,2021-06-16,2021-06-18,2021-06-28 00:00:00,5.27,1.89,2.9,3.86,"Axis Capital, Credit Suisse, Edelweiss, IIFL"
Dodla Dairy,DODLA,100,IN_DB,2021,428.0,520.18,2021-06-16,2021-06-18,2021-06-28 00:00:00,84.88,73.26,11.34,45.62,"Axis Capital, ICICI Securities"
Sona BLW Precision Forgings,SONACOMS,89,REVIEW,2021,291.0,5550.0,2021-06-14,2021-06-16,2021-06-24 00:00:00,3.46,0.39,1.58,2.28,"Kotak, Credit Suisse, JM Financial, JP Morgan, Nomura"
Shyam Metalics and Energy,SHYAMMETL,93,AUTO,2021,306.0,909.0,2021-06-14,2021-06-16,2021-06-24 00:00:00,155.71,339.98,11.64,121.43,"Axis Capital, ICICI Securities, IIFL, JM Financial, SBI Caps"
Macrotech Developers,,74,UNRESOLVED,2021,486.0,2500.0,2021-04-07,2021-04-09,2021-04-19 00:00:00,3.05,1.44,0.4,1.36,"Axis Capital, BOB Capital, Edelweiss, ICICI Securities, IIFL, JP Morgan, JM Financial, Kotak, SBI Caps, YES Securities"
Barbeque Nation Hospitality,,70,UNRESOLVED,2021,500.0,452.87,2021-03-24,2021-03-26,2021-04-07 00:00:00,5.11,3.1,13.13,5.98,"IIFL, Ambit, Axis Capital, SBI Caps"
Suryoday Small Finance Bank,SURYODAY,100,IN_DB,2021,305.0,582.34,2021-03-17,2021-03-19,2021-03-26 00:00:00,2.18,1.31,3.09,2.37,"Axis Capital, ICICI Securities, IIFL Securities, SBI Caps"
Nazara Technologies,NAZARA,100,IN_DB,2021,1101.0,582.91,2021-03-17,2021-03-19,2021-03-30 00:00:00,103.77,389.89,75.29,175.46,"ICICI Securities, IIFL, Jefferies, Nomura"
Kalyan Jewellers India,KALYANKJIL,100,IN_DB,2021,87.0,1175.0,2021-03-16,2021-03-18,2021-03-26 00:00:00,2.76,1.91,2.82,2.61,"Axis Capital, BOB Capital, Citi, ICICI Securities, SBI Caps"
Laxmi Organic Industries,LXCHEM,87,REVIEW,2021,130.0,600.0,2021-03-15,2021-03-17,2021-03-25 00:00:00,175.43,217.62,20.1,106.81,"Axis Capital, DAM Capital"
Craftsman Automation,CRAFTSMAN,100,IN_DB,2021,1490.0,823.7,2021-03-15,2021-03-17,2021-03-25 00:00:00,5.21,2.84,3.44,3.82,"IIFL Securities, Axis Capital"
Anupam Rasayan India,ANURAS,100,AUTO,2021,555.0,760.0,2021-03-12,2021-03-16,2021-03-24 00:00:00,65.74,97.42,10.77,44.06,"Ambit, Axis Capital, IIFL Securities, JM Financial"
Easy Trip Planners,EASEMYTRIP,100,IN_DB,2021,187.0,510.0,2021-03-08,2021-03-10,2021-03-19 00:00:00,77.95,384.26,70.78,160.19,"Axis Capital, JM Financial"
MTAR Technologies,MTAR,100,IN_DB,2021,575.0,596.41,2021-03-03,2021-03-05,2021-03-15 00:00:00,164.99,650.79,28.4,200.79,"JM Financial, IIFL Securities"
Heranba Industries,HERANBA,100,IN_DB,2021,627.0,625.24,2021-02-23,2021-02-25,2021-03-05 00:00:00,67.45,271.15,11.84,83.29,"Batlivala & Karani (B&K), Emkay Global"
RailTel Corporation of India,,78,UNRESOLVED,2021,94.0,819.24,2021-02-16,2021-02-18,2021-02-26 00:00:00,65.14,73.25,16.78,42.39,"ICICI Securities, IDBI Capital, SBI Caps"
Nureca,NURECA,100,IN_DB,2021,400.0,100.0,2021-02-15,2021-02-17,2021-02-25 00:00:00,3.1,31.59,166.65,39.93,ITI Capital (sole)
Stove Kraft,STOVEKRAFT,100,IN_DB,2021,385.0,412.63,2021-01-25,2021-01-28,2021-02-05 00:00:00,,,26.04,18.03,"Edelweiss, JM Financial"
Home First Finance,HOMEFIRST,100,IN_DB,2021,518.0,1153.72,2021-01-21,2021-01-25,2021-02-03 00:00:00,52.53,39.0,6.59,26.66,"Axis Capital, Credit Suisse, ICICI Securities, Kotak"
Indigo Paints,INDIGOPNTS,100,IN_DB,2021,1490.0,1176.0,2021-01-20,2021-01-22,2021-02-02 00:00:00,189.57,263.05,15.93,117.02,"Kotak, Edelweiss, ICICI Securities"
Indian Railway Finance Corporation,,70,UNRESOLVED,2021,26.0,4633.38,2021-01-18,2021-01-20,2021-01-29 00:00:00,3.78,2.67,3.66,3.49,"DAM Capital, HSBC, ICICI Securities, SBI Caps"
Antony Waste,,76,UNRESOLVED,2020,315.0,300.0,2020-12-21,2020-12-23,2021-01-01 00:00:00,9.67,18.69,16.55,15.04,"Equirus Capital, IIFL Securities"
Mrs. Bectors Food Specialities,,100,IN_DB,2020,288.0,540.54,2020-12-15,2020-12-17,2020-12-24 00:00:00,176.85,620.86,29.33,198.02,"SBI Caps, ICICI Securities, IIFL Securities"
Burger King India,,100,IN_DB,2020,60.0,810.0,2020-12-02,2020-12-04,2020-12-14 00:00:00,86.64,354.11,68.15,156.65,"Kotak, JM Financial, Edelweiss, CLSA"
Gland Pharma,,100,IN_DB,2020,1500.0,6479.55,2020-11-09,2020-11-11,2020-11-20 00:00:00,,,0.24,2.06,"Kotak, Citigroup, Haitong, Nomura"
Equitas Small Finance Bank,,100,IN_DB,2020,33.0,517.6,2020-10-20,2020-10-22,2020-11-02 00:00:00,3.91,0.22,2.08,1.95,"JM Financial, Edelweiss, IIFL Securities, SBI Caps"
Likhitha Infrastructure,,100,IN_DB,2020,120.0,61.2,2020-09-29,2020-10-07,2020-10-15 00:00:00,21.99,1.54,23.71,9.51,Unistone Capital (sole)
Mazagon Dock,,73,UNRESOLVED,2020,145.0,443.69,2020-09-29,2020-10-01,2020-10-12 00:00:00,,,35.63,157.41,"Axis Capital, DAM Capital, Edelweiss, JM Financial, YES Securities"
UTI Asset Management,UTIAMC,84,REVIEW,2020,554.0,2159.88,2020-09-29,2020-10-01,2020-10-12 00:00:00,3.34,0.93,2.32,2.31,"Kotak, Axis Capital, BofA, Citigroup, ICICI Securities, JM Financial, SBI Caps"
Angel One,ANGELONE,100,AUTO,2020,306.0,600.0,2020-09-22,2020-09-24,2020-10-05 00:00:00,5.74,0.69,4.31,3.94,"ICICI Securities, Edelweiss, SBI Caps"
Chemcon,,57,UNRESOLVED,2020,340.0,318.0,2020-09-21,2020-09-23,2020-10-01 00:00:00,,,41.15,149.3,"Ambit, Intensive Fiscal Services"
CAMS,,100,IN_DB,2020,1230.0,2244.33,2020-09-21,2020-09-23,2020-10-01 00:00:00,73.18,111.85,5.54,46.99,"Kotak, HDFC Bank, ICICI Securities, Nomura"
Route Mobile,,100,IN_DB,2020,350.0,600.0,2020-09-09,2020-09-11,2020-09-21 00:00:00,89.76,192.81,12.67,73.3,"ICICI Securities, Axis Capital, Edelweiss, IDBI Capital"
Happiest Minds,HAPPSTMNDS,81,REVIEW,2020,166.0,702.02,2020-09-07,2020-09-09,2020-09-17 00:00:00,,,70.94,150.98,"ICICI Securities, Nomura"
Rossari Biotech,,100,IN_DB,2020,425.0,496.49,2020-07-13,2020-07-15,2020-07-23 00:00:00,,,7.23,79.37,"Axis Capital, ICICI Securities"
SBI Cards,,100,IN_DB,2020,755.0,10354.77,2020-03-02,2020-03-05,2020-03-16 00:00:00,57.18,45.23,2.5,26.54,"Kotak, Axis, BofA, HSBC, Nomura, SBI Caps"
Prince Pipes and Fittings,PRINCEPIPE,93,AUTO,2019,178.0,500.0,2019-12-18,2019-12-20,2019-12-30 00:00:00,3.53,1.2,1.88,2.21,JM Financial (+1 not captured)
Ujjivan Small Finance Bank,UJJIVANSFB,98,AUTO,2019,37.0,750.0,2019-12-02,2019-12-04,2019-12-12 00:00:00,113.8,486.14,48.97,165.66,"IIFL, JM Financial, Kotak"
CSB Bank,CSBBANK,100,AUTO,2019,195.0,409.68,2019-11-22,2019-11-26,2019-12-04 00:00:00,62.18,164.68,44.46,86.91,"Axis Capital, IIFL"
Vishwaraj Sugar Industries,VISHWARAJ,83,REVIEW,2019,60.0,60.0,2019-09-30,2019-10-04,2019-10-15 00:00:00,1.0,1.76,0.64,1.12,Aryaman Financial Services
IRCTC,,75,UNRESOLVED,2019,320.0,645.12,2019-09-30,2019-10-03,2019-10-14 00:00:00,108.79,354.52,14.83,111.91,"IDBI Capital, SBI Capital Markets, YES Securities"
Sterling and Wilson Solar,,63,UNRESOLVED,2019,780.0,3145.0,2019-08-06,2019-08-08,2019-08-20 00:00:00,1.02,0.89,0.3,0.85,"ICICI Securities, Axis Capital, Credit Suisse, Deutsche, IIFL, IndusInd"
Spandana Sphoorty Financial,SPANDANA,86,REVIEW,2019,856.0,1202.34,2019-08-05,2019-08-07,2019-08-19 00:00:00,3.11,0.55,0.09,1.05,"Axis Capital, ICICI Securities, IIFL, IndusInd Bank, JM Financial, YES Securities"
Affle (India),AFFLE,83,REVIEW,2019,745.0,459.0,2019-07-29,2019-07-31,2019-08-08 00:00:00,55.31,198.69,10.94,86.48,"ICICI Securities, Nomura"
IndiaMART InterMESH,INDIAMART,100,AUTO,2019,973.0,475.59,2019-06-24,2019-06-26,2019-07-04 00:00:00,30.83,62.13,14.07,36.21,"Edelweiss, ICICI Securities, Jefferies"
Neogen Chemicals,NEOGEN,100,AUTO,2019,215.0,132.35,2019-04-24,2019-04-26,2019-05-08 00:00:00,30.49,113.88,15.86,41.07,"B&K Securities, Inga Ventures"
Polycab India,POLYCAB,100,AUTO,2019,538.0,1346.0,2019-04-05,2019-04-09,2019-04-16 00:00:00,88.95,105.68,4.5,51.88,"Axis Capital, Citigroup, Edelweiss, IIFL, Kotak, YES Securities"
Metropolis Healthcare,METROPOLIS,100,AUTO,2019,880.0,1204.29,2019-04-03,2019-04-05,2019-04-15 00:00:00,8.88,3.03,2.15,5.83,"Credit Suisse, Goldman Sachs, HDFC Bank, JM Financial, Kotak"
Rail Vikas Nigam,RVNL,100,AUTO,2019,19.0,481.57,2019-03-29,2019-04-03,2019-04-11 00:00:00,1.36,0.8,2.92,1.82,"YES Securities, Elara Capital, IDBI Capital"
MSTC,MSTCLTD,100,AUTO,2019,120.0,212.04,2019-03-13,2019-03-20,2019-03-29 00:00:00,1.13,2.15,2.95,1.46,Equirus Capital
Chalet Hotels,CHALET,100,AUTO,2019,280.0,1641.18,2019-01-29,2019-01-31,2019-02-07 00:00:00,1.74,0.99,,1.57,"JM Financial, Axis Capital, Morgan Stanley"
Xelpmoc Design and Tech,XELPMOC,92,REVIEW,2019,66.0,23.0,2019-01-23,2019-01-25,2019-02-04 00:00:00,1.24,7.69,2.64,3.25,ITI Capital
Dinesh Engineers,WINSOL-SM,80,REVIEW,2018,185.0,185.0,2018-09-28,2018-10-03,,,,0.0877,0.08,
Garden Reach Shipbuilders,,78,UNRESOLVED,2018,118.0,345.0,2018-09-24,2018-10-01,2018-10-10 00:00:00,1.81,0.31,0.24,1.02,"IDBI Capital, YES Securities"
Aavas Financiers,AAVAS,100,AUTO,2018,821.0,1734.0,2018-09-25,2018-09-27,2018-10-08 00:00:00,2.77,0.26,0.25,0.97,"ICICI Securities, Citigroup, Edelweiss, Spark Capital, HDFC Bank"
IRCON International,IRCON,100,AUTO,2018,475.0,470.0,2018-09-17,2018-09-19,2018-09-28 00:00:00,12.29,4.92,9.66,9.77,"IDBI Capital, Axis Capital, SBI Capital"
CreditAccess Grameen,CREDITACC,100,AUTO,2018,422.0,1131.19,2018-08-08,2018-08-10,2018-08-23 00:00:00,5.52,0.98,0.87,2.22,"ICICI Securities, Credit Suisse, Kotak, IIFL"
HDFC Asset Management,,65,UNRESOLVED,2018,1100.0,2800.0,2018-07-25,2018-07-27,2018-08-06 00:00:00,192.26,195.15,6.57,82.99,"Kotak, Axis, BofA, Citi, CLSA, JM Financial, Morgan Stanley, Nomura (12 BRLMs)"
TCNS Clothing Co.,,75,UNRESOLVED,2018,716.0,1125.0,2018-07-18,2018-07-20,2018-07-30 00:00:00,,,0.57,5.22,Citigroup (+others)
Varroc Engineering,VARROC,100,AUTO,2018,967.0,1946.0,2018-06-26,2018-06-28,2018-07-06 00:00:00,9.15,2.45,0.84,3.54,"Kotak, Citigroup, Credit Suisse, IIFL"
Fine Organic Industries,FINEORG,80,REVIEW,2018,783.0,600.0,2018-06-20,2018-06-22,2018-07-02 00:00:00,12.85,21.0,1.19,8.77,JM Financial (+1)
RITES,RITES,100,AUTO,2018,185.0,461.0,2018-06-20,2018-06-22,2018-07-02 00:00:00,71.72,194.56,15.74,67.24,"Elara Capital, IDBI Capital, IDFC Bank, SBI Capital"
IndoStar Capital Finance,INDOSTAR,90,REVIEW,2018,572.0,1844.0,2018-05-09,2018-05-11,2018-05-21 00:00:00,,,1.17,6.65,"JM Financial, Kotak, Morgan Stanley, Motilal Oswal, Nomura"
Lemon Tree Hotels,LEMONTREE,100,AUTO,2018,56.0,1039.0,2018-03-26,2018-03-28,2018-04-09 00:00:00,3.88,0.12,0.12,1.19,"Kotak, CLSA, JP Morgan, YES Securities"
ICICI Securities,,73,UNRESOLVED,2018,520.0,4017.0,2018-03-22,2018-03-26,2018-04-04 00:00:00,,,0.89,0.78,
Mishra Dhatu Nigam,MIDHANI,100,AUTO,2018,90.0,438.0,2018-03-21,2018-03-23,2018-04-04 00:00:00,1.96,0.12,0.72,1.21,"SBI Capital, IDBI Capital"
Sandhar Technologies,SANDHAR,100,AUTO,2018,332.0,566.0,2018-03-19,2018-03-21,2018-04-02 00:00:00,14.5,6.39,1.31,6.14,"Axis Capital, ICICI Securities"
Karda Construction,,76,UNRESOLVED,2018,180.0,77.0,2018-03-16,2018-03-21,2018-04-02 00:00:00,,,2.01,2.53,Aryaman Financial Services
Hindustan Aeronautics,HAL,100,AUTO,2018,1215.0,4144.0,2018-03-16,2018-03-20,2018-03-28 00:00:00,0.99,0.03,0.36,0.99,"SBI Capital, Axis Capital"
Bandhan Bank,BANDHANBNK,100,AUTO,2018,375.0,4473.0,2018-03-15,2018-03-19,2018-03-27 00:00:00,38.68,13.89,1.06,14.56,"Kotak, Axis Bank, Goldman Sachs, JP Morgan, JM Financial"
Bharat Dynamics,BDL,100,AUTO,2018,428.0,961.0,2018-03-13,2018-03-15,2018-03-23 00:00:00,1.5,0.5,1.37,1.29,
H.G. Infra Engineering,HGINFRA,100,AUTO,2018,270.0,462.0,2018-02-26,2018-02-28,2018-03-09 00:00:00,8.37,4.97,3.08,4.98,"HDFC Bank, SBI Capital"
Aster DM Healthcare,ASTERDM,100,AUTO,2018,190.0,980.0,2018-02-12,2018-02-15,2018-02-26 00:00:00,2.1,0.55,1.18,1.31,"Kotak, Axis Bank, Goldman Sachs, ICICI Securities, JM Financial, YES Securities"
Galaxy Surfactants,GALAXYSURF,100,AUTO,2018,1480.0,937.0,2018-01-29,2018-01-31,2018-02-08 00:00:00,54.27,6.96,5.92,19.96,Edelweiss Financial Services
Amber Enterprises India,AMBER,97,AUTO,2018,859.0,600.0,2018-01-17,2018-01-19,2018-01-30 00:00:00,174.99,519.26,11.57,165.38,
Newgen Software,NEWGEN,88,REVIEW,2018,245.0,425.0,2018-01-16,2018-01-18,2018-01-29 00:00:00,15.62,5.52,5.18,8.25,"ICICI Securities, IDFC Bank, Jefferies"
Apollo Micro Systems,APOLLO,100,AUTO,2018,275.0,156.0,2018-01-10,2018-01-12,2018-01-22 00:00:00,,,40.19,248.51,Aryaman Financial Services
Astron Paper,,76,UNRESOLVED,2017,50.0,70.0,2017-12-15,2017-12-20,2017-12-29 00:00:00,,,73.32,241.75,Pantomath Capital Advisors
Future Supply Chain,,72,UNRESOLVED,2017,664.0,649.7,2017-12-06,2017-12-08,2017-12-18 00:00:00,12.36,11.15,3.28,7.56,
Shalby,SHALBY,100,AUTO,2017,248.0,504.8,2017-12-05,2017-12-07,2017-12-15 00:00:00,,,2.98,2.82,"Edelweiss, IDFC Bank, IIFL"
HDFC Standard Life,,62,UNRESOLVED,2017,290.0,8695.01,2017-11-07,2017-11-09,2017-11-17 00:00:00,,,,4.89,"Morgan Stanley, HDFC Bank, Credit Suisse, CLSA, Nomura, others (10 BRLMs)"
Khadim India,KHADIM-BE,100,AUTO,2017,750.0,543.06,2017-11-02,2017-11-06,2017-11-14 00:00:00,2.45,0.18,2.34,1.9,"Axis Capital, IDFC Bank"
The New India Assurance,,74,UNRESOLVED,2017,800.0,9600.0,2017-11-01,2017-11-03,2017-11-13 00:00:00,2.34,0.11,0.11,1.2,"Kotak, Axis Capital, IDFC Bank, Nomura, YES Securities"
Mahindra Logistics,MAHLOG,97,AUTO,2017,429.0,829.36,2017-10-31,2017-11-02,2017-11-10 00:00:00,15.6,2.07,6.1,7.9,"Kotak, Axis Capital (+others)"
Reliance Nippon,,74,UNRESOLVED,2017,252.0,1542.24,2017-10-25,2017-10-27,2017-11-06 00:00:00,118.4,209.44,5.65,81.54,"Axis Capital, CLSA, Edelweiss, IIFL, JM Financial, Nomura, SBI Caps, YES Bank"
General Insurance Corporation,,70,UNRESOLVED,2017,912.0,11175.84,2017-10-11,2017-10-13,2017-10-25 00:00:00,,,0.63,1.38,Citigroup (+others)
Indian Energy Exchange,,78,UNRESOLVED,2017,1650.0,1000.73,2017-10-09,2017-10-11,2017-10-23 00:00:00,2.56,0.85,2.61,2.28,"Axis Capital, Kotak, IIFL"
MAS Financial Services,MASFIN,89,REVIEW,2017,459.0,460.04,2017-10-06,2017-10-10,2017-10-18 00:00:00,148.33,378.53,15.97,128.39,Motilal Oswal
Godrej Agrovet,GODREJAGRO,100,AUTO,2017,460.0,1157.31,2017-10-04,2017-10-06,2017-10-16 00:00:00,150.96,236.04,7.16,95.16,
Prataap Snacks,DIAMONDYD,100,AUTO,2017,938.0,481.56,2017-09-22,2017-09-26,2017-10-05 00:00:00,77.0,101.0,8.48,47.39,"Edelweiss, JM Financial, Spark Capital"
SBI Life Insurance,SBILIFE,100,AUTO,2017,700.0,8400.0,2017-09-20,2017-09-22,2017-10-03 00:00:00,12.56,0.7,0.81,3.55,"JM Financial, Axis Capital, BNP Paribas, Citigroup, others (8 BRLMs)"
ICICI Lombard,ICICIGI,89,REVIEW,2017,661.0,5700.94,2017-09-15,2017-09-19,2017-09-27 00:00:00,8.17,0.83,1.23,2.98,"CLSA, Edelweiss, JM Financial (+others)"
Capacit'e Infraprojects,CAPACITE,98,AUTO,2017,250.0,400.0,2017-09-13,2017-09-15,2017-09-25 00:00:00,131.32,638.05,17.57,183.03,"Axis Capital, IIFL, Vivro Financial"
Matrimony,MATRIMONY,86,REVIEW,2017,985.0,496.88,2017-09-11,2017-09-13,2017-09-21 00:00:00,1.88,0.41,18.16,4.44,"Axis Capital, ICICI Securities"
Dixon Technologies,KFINTECH,85,REVIEW,2017,1766.0,600.0,2017-09-06,2017-09-08,2017-09-18 00:00:00,134.66,345.61,10.6,117.83,
Bharat Road Network,BRNL,100,AUTO,2017,205.0,600.65,2017-09-06,2017-09-08,2017-09-18 00:00:00,1.33,1.63,5.69,1.81,"Investec, ITI Capital"
Apex Frozen Foods,APEX,100,AUTO,2017,175.0,152.25,2017-08-22,2017-08-24,2017-09-04 00:00:00,1.91,7.82,8.53,6.14,Karvy Investor Services
Cochin Shipyard,COCHINSHIP,100,AUTO,2017,432.0,1442.01,2017-08-01,2017-08-03,2017-08-11 00:00:00,63.51,288.87,8.51,76.19,
SIS,SIS,100,AUTO,2017,815.0,779.58,2017-07-31,2017-08-02,2017-08-10 00:00:00,,,,7.07,"Axis Capital, ICICI Securities, IDBI Capital, IIFL, Kotak"
Salasar Techno,SALASAR,87,REVIEW,2017,108.0,35.87,2017-07-12,2017-07-17,2017-07-25 00:00:00,0.0,50.0,50.0,273.05,Sarthi Capital Advisors
Au Financiers (India),AAVAS,81,REVIEW,2017,358.0,1912.51,2017-06-28,2017-06-30,2017-07-10 00:00:00,78.77,143.51,3.52,53.6,"ICICI Securities, HDFC Bank, Motilal Oswal, Citigroup"
GTPL Hathway,GTPL,100,AUTO,2017,170.0,484.8,2017-06-21,2017-06-23,2017-07-04 00:00:00,,,0.99,1.53,"JM Financial, BNP Paribas, Motilal Oswal, YES Securities"
Central Depository,CDSL,81,REVIEW,2017,149.0,523.99,2017-06-19,2017-06-21,2017-06-30 00:00:00,148.71,563.03,23.83,170.16,"Axis Capital, Edelweiss, Nomura, SBI Caps, Haitong, IDBI Capital"
Eris Lifesciences,ERIS,100,AUTO,2017,603.0,1741.16,2017-06-16,2017-06-20,2017-06-29 00:00:00,,,,3.29,"Axis Capital, Citigroup, Credit Suisse"
Tejas Networks,TEJASNET,100,AUTO,2017,257.0,776.69,2017-06-14,2017-06-16,2017-06-27 00:00:00,2.16,0.48,3.1,1.88,"Axis Capital, Citigroup, Edelweiss, Nomura"
PSP Projects,PSPPROJECT,100,AUTO,2017,210.0,211.68,2017-05-17,2017-05-19,2017-05-29 00:00:00,,,6.47,8.58,"Karvy Investor Services, Motilal Oswal"
HUDCO,,55,UNRESOLVED,2017,60.0,1224.35,2017-05-08,2017-05-11,2017-05-19 00:00:00,55.45,330.36,10.79,79.53,"ICICI Securities, IDBI Capital, Nomura, SBI Caps"
S Chand and Company,SCHAND,100,AUTO,2017,670.0,728.56,2017-04-26,2017-04-28,2017-05-09 00:00:00,44.27,204.65,6.07,59.49,
Shankara Buildpro,BUILDPRO,100,AUTO,2017,460.0,345.0,2017-03-22,2017-03-24,2017-04-05 00:00:00,51.62,90.68,15.35,41.88,"IDFC Bank, Equirus Capital, HDFC Bank"
CL Educate,CLEDUCATE-BE,100,AUTO,2017,502.0,238.95,2017-03-20,2017-03-22,2017-03-31 00:00:00,,,1.63,1.9,Kotak Mahindra Capital
Avenue Supermarts,DMART,100,AUTO,2017,299.0,1870.0,2017-03-08,2017-03-10,2017-03-21 00:00:00,144.61,277.74,7.3,104.48,"Kotak, Axis Capital, Edelweiss, HDFC Bank, ICICI Sec, Inga, JM Financial, Motilal Oswal, SBI Caps (9 BRLMs)"
Music Broadcast,RADIOCITY,100,AUTO,2017,333.0,488.53,2017-03-06,2017-03-08,2017-03-17 00:00:00,,,9.85,39.67,ICICI Securities
BSE,BSE,100,AUTO,2017,806.0,1243.43,2017-01-23,2017-01-25,2017-02-03 00:00:00,,,,51.22,"Axis Capital, Edelweiss, Jefferies, Motilal Oswal, Nomura, SBI Caps, SMC Capitals, Spark Capital"
Laurus Labs,LAURUSLABS,100,AUTO,2016,428.0,1331.8,2016-12-06,2016-12-08,2016-12-19 00:00:00,10.54,3.57,1.58,4.53,
Sheela Foam,SFL,100,AUTO,2016,730.0,510.0,2016-11-29,2016-12-01,2016-12-09 00:00:00,,,0.44,5.09,"Edelweiss, ICICI Securities"
GreenSignal Bio Pharma,,61,UNRESOLVED,2016,76.0,116.0,2016-11-09,2016-11-22,2016-11-22 00:00:00,,,,1.02,Indian Overseas Bank (sole)
Varun Beverages,VBL,100,AUTO,2016,445.0,1112.5,2016-10-26,2016-10-28,2016-11-08 00:00:00,,,0.82,1.86,
PNB Housing Finance,PNBHOUSING,87,REVIEW,2016,775.0,3000.75,2016-10-25,2016-10-27,2016-11-07 00:00:00,37.33,86.17,1.32,29.53,"Kotak, DSP Merrill Lynch (BofA), JM Financial, JP Morgan, Morgan Stanley"
Endurance Technologies,ENDURANCE,83,REVIEW,2016,472.0,1161.73,2016-10-05,2016-10-07,2016-10-19 00:00:00,53.43,127.07,2.69,43.84,"Axis Capital, Citigroup"
HPL Electric & Power,HPL,100,AUTO,2016,202.0,361.0,2016-09-22,2016-09-26,2016-10-04 00:00:00,,,,8.06,
ICICI Prudential Life,GOLDIETF,83,REVIEW,2016,334.0,6056.79,2016-09-19,2016-09-21,2016-09-29 00:00:00,11.83,28.55,1.42,10.48,"DSP Merrill Lynch (BofA), ICICI Securities, CLSA, Deutsche, Edelweiss, HSBC, IIFL, JM Financial, SBI Caps, UBS (10 BRLMs)"
G N A Axles,GNA,100,AUTO,2016,207.0,130.41,2016-09-14,2016-09-16,2016-09-26 00:00:00,,,11.84,54.88,Ambit
L&T Technology,LTTS,89,REVIEW,2016,860.0,894.4,2016-09-12,2016-09-15,2016-09-23 00:00:00,5.01,1.03,1.74,2.52,"Kotak, DSP Merrill Lynch (BofA), JM Financial, SBI Caps"
RBL Bank,RBLBANK,100,AUTO,2016,225.0,1212.97,2016-08-19,2016-08-23,2016-08-31 00:00:00,,,5.7,69.62,"Kotak, Axis Capital, Citigroup, Morgan Stanley, HDFC Bank, ICICI Securities, IDFC Securities, IIFL, SBI Caps (9 BRLMs)"
S P Apparels,SPAL,100,AUTO,2016,268.0,239.12,2016-08-02,2016-08-04,2016-08-12 00:00:00,2.21,5.1,1.9,2.66,"Motilal Oswal, Centrum Capital"
Dilip Buildcon,DBL,100,AUTO,2016,219.0,653.98,2016-08-01,2016-08-03,2016-08-11 00:00:00,9.76,79.64,2.35,20.95,"Axis Capital, IIFL, JM Financial, PNB Investment Services"
Advanced Enzyme,ADVENZYMES,88,REVIEW,2016,896.0,411.49,2016-07-20,2016-07-22,2016-08-01 00:00:00,94.03,393.1,11.67,116.02,
L&T Infotech,LCCINFOTEC,86,REVIEW,2016,710.0,1236.0,2016-07-11,2016-07-13,2016-07-21 00:00:00,19.91,10.76,7.39,11.69,"Citigroup, ICICI Securities, Kotak"
Quess Corp,QUESS,100,AUTO,2016,317.0,400.0,2016-06-29,2016-07-01,2016-07-12 00:00:00,,,31.23,143.99,"Axis Capital, ICICI Securities, IIFL, YES Bank"
Mahanagar Gas,MGL,100,AUTO,2016,421.0,1039.64,2016-06-21,2016-06-23,2016-07-01 00:00:00,72.84,191.61,6.82,64.54,"Kotak, Citigroup"
Parag Milk Foods,PARAGMILK,100,AUTO,2016,215.0,751.78,2016-05-04,2016-05-11,2016-05-19 00:00:00,,,,1.49,"Kotak, JM Financial, IDFC Securities, Motilal Oswal"
Ujjivan Financial,,74,UNRESOLVED,2016,210.0,887.69,2016-04-28,2016-05-02,2016-05-10 00:00:00,,,4.02,40.68,Axis Capital (lead)
Thyrocare Technologies,MTARTECH-BE,81,REVIEW,2016,446.0,479.21,2016-04-27,2016-04-29,2016-05-09 00:00:00,,,,73.55,"JM Financial, Edelweiss, ICICI Securities"
Equitas Holdings,,77,UNRESOLVED,2016,110.0,2175.0,2016-04-05,2016-04-07,2016-04-21 00:00:00,14.93,57.29,1.4,17.21,Axis Capital (lead)
Infibeam,,67,UNRESOLVED,2016,432.0,450.0,2016-03-21,2016-03-23,2016-04-04 00:00:00,,,1.31,1.11,
Bharat Wire Ropes,BHARATWIRE,100,AUTO,2016,45.0,70.0,2016-03-18,2016-03-22,2016-04-01 00:00:00,,,,1.21,
Healthcare Global,HCG,85,REVIEW,2016,218.0,649.64,2016-03-16,2016-03-18,2016-03-30 00:00:00,2.36,0.43,0.83,1.56,"Kotak, Edelweiss, Goldman Sachs, IDFC Securities, IIFL, YES Bank"
Quick Heal Technologies,QUICKTOUCH-SM,82,REVIEW,2016,321.0,451.25,2016-02-08,2016-02-10,2016-02-18 00:00:00,4.34,36.69,3.82,10.8,
TeamLease Services,TEAMLEASE,100,AUTO,2016,850.0,423.68,2016-02-02,2016-02-04,2016-02-12 00:00:00,26.97,185.24,10.61,66.02,"IDFC Securities, Credit Suisse, ICICI Securities"
Precision Camshafts,PRECAM,100,AUTO,2016,186.0,410.0,2016-01-27,2016-01-29,2016-02-08 00:00:00,2.62,0.73,2.01,1.91,"SBI Caps, HDFC Bank"
Narayana Hrudayalaya Limited,NH,100,AUTO,2015,250.0,,2015-12-17,2015-12-21,2016-01-06 00:00:00,24.43,3.62,1.89,8.7,"Axis Capital, Jefferies"
Alkem Laboratories Limited,ALKEM,100,AUTO,2015,1050.0,,2015-12-08,2015-12-10,2015-12-23 00:00:00,57.19,129.96,3.17,44.29,"Axis Capital, Edelweiss, JP Morgan, Nomura"
Dr. Lal PathLabs Limited,LALPATHLAB,100,AUTO,2015,550.0,,2015-12-08,2015-12-10,2015-12-23 00:00:00,63.56,61.28,4.24,33.41,"Kotak, Citigroup"
S H Kelkar and Company Limited,SHK,100,AUTO,2015,180.0,,2015-10-28,2015-10-30,2015-11-16 00:00:00,25.55,87.38,1.98,27.0,"JM Financial, Kotak"
InterGlobe Aviation Limited,INDIGO,100,AUTO,2015,765.0,,2015-10-27,2015-10-29,2015-11-10 00:00:00,17.8,3.57,0.92,6.15,"Barclays, Citigroup, JP Morgan, Kotak, Morgan Stanley, UBS (6 BRLMs)"
Coffee Day Enterprises Limited,COFFEEDAY-BE,97,AUTO,2015,328.0,,2015-10-14,2015-10-16,2015-11-02 00:00:00,4.39,0.54,0.9,1.82,"Axis Capital, Citigroup, Edelweiss, Kotak, Morgan Stanley"
Prabhat Dairy Limited,,67,UNRESOLVED,2015,115.0,,2015-08-28,2015-09-04,2015-09-21 00:00:00,0.88,1.42,0.34,0.77,"Edelweiss, Macquarie, SBI Caps"
Sadbhav Infrastructure Project Limited,,73,UNRESOLVED,2015,103.0,,2015-08-31,2015-09-02,2015-09-16 00:00:00,,,1.69,2.24,"Kotak, Inga Capital, Edelweiss, ICICI Securities, Macquarie"
Shree Pushkar Chemicals and Fertilisers Limited,,63,UNRESOLVED,2015,65.0,,2015-08-25,2015-08-27,2015-09-10 00:00:00,,,1.54,1.34,Keynote (sole)
Pennar Engineered Building Systems Limited,,60,UNRESOLVED,2015,178.0,,2015-08-25,2015-08-27,2015-09-10 00:00:00,,,,1.15,"Motilal Oswal, Axis Capital, Karvy Investor Services"
Navkar Corporation Limited,NAVKARCORP,100,AUTO,2015,155.0,,2015-08-24,2015-08-26,2015-09-09 00:00:00,,,1.62,2.85,"Axis Capital, Edelweiss, SBI Caps"
Power Mech Projects Limited,POWERMECH,100,AUTO,2015,640.0,,2015-08-07,2015-08-11,2015-08-26 00:00:00,,,3.42,38.12,IIFL Capital (sole)
Syngene International Limited,SYNGENE,100,AUTO,2015,250.0,,2015-07-27,2015-07-29,2015-08-11 00:00:00,51.47,90.24,4.78,32.05,"Axis Capital, Credit Suisse, Jefferies"
Manpasand Beverages Limited,,69,UNRESOLVED,2015,320.0,,2015-06-24,2015-06-26,2015-07-09 00:00:00,,,1.16,1.4,ICICI Securities (sole)
PNC Infratech Limited,PNCINFRA,100,AUTO,2015,378.0,,2015-05-08,2015-05-12,2015-05-26 00:00:00,,,,1.56,"ICICI Securities, IDFC Securities"
UFO Moviez India Limited,UFO,100,AUTO,2015,625.0,,2015-04-28,2015-04-30,2015-05-14 00:00:00,4.49,1.17,1.02,2.04,"Axis Capital, Citigroup"
MEP Infrastructure Developers Limited,MEP-BZ,80,REVIEW,2015,63.0,,2015-04-21,2015-04-23,2015-05-06 00:00:00,1.02,1.51,0.97,1.11,IDBI Capital
VRL Logistics Limited,VRLLOG,100,AUTO,2015,205.0,,2015-04-15,2015-04-17,2015-04-30 00:00:00,,,7.92,74.26,"HSBC, ICICI Securities"
Inox Wind Limited,INOXWIND,100,AUTO,2015,325.0,,2015-03-18,2015-03-20,2015-04-09 00:00:00,35.68,35.38,2.15,18.6,"Axis Capital, BofA Merrill Lynch, Edelweiss, YES Bank"
Adlabs Entertainment Limited,,68,UNRESOLVED,2015,180.0,,2015-03-10,2015-03-17,2015-04-06 00:00:00,1.17,0.69,1.3,1.09,Centrum Capital (sole)
Ortel Communications Limited,ORTEL-BZ,100,AUTO,2015,181.0,,2015-03-03,2015-03-05,2015-03-19 00:00:00,,,0.39,0.76,Kotak (sole)
Monte Carlo Fashions Limited,MONTECARLO,100,AUTO,2014,645.0,,2014-12-03,2014-12-05,2014-12-19 00:00:00,,,,,
Shemaroo Entertainment Limited,,76,UNRESOLVED,2014,170.0,,2014-09-16,2014-09-18,2014-10-01 00:00:00,,,,,
Sharda Cropchem Limited,SHARDACROP,100,AUTO,2014,156.0,,2014-09-05,2014-09-09,2014-09-23 00:00:00,,,,,
Snowman Logistics Limited,SNOWMAN,100,AUTO,2014,47.0,,2014-08-26,2014-08-28,2014-09-12 00:00:00,,,,,
Wonderla Holidays Limited,WONDERLA,100,AUTO,2014,125.0,,2014-04-21,2014-04-23,2014-05-09 00:00:00,,,,,
Just Dial Limited,JUSTDIAL,100,AUTO,2013,530.0,,2013-05-20,2013-05-22,2013-06-05 00:00:00,,,,,
Repco Home Finance Limited,REPCOHOME,100,AUTO,2013,172.0,,2013-03-13,2013-03-15,2013-04-01 00:00:00,,,,,
V-Mart Retail Limited,VMART,100,AUTO,2013,210.0,,2013-02-01,2013-02-05,2013-02-20 00:00:00,,,,,
Bharti Infratel Limited,BHARTIARTL,85,REVIEW,2012,220.0,,2012-12-11,2012-12-14,2012-12-28 00:00:00,,,,,
PC Jeweller Limited,PCJEWELLER,100,AUTO,2012,135.0,,2012-12-10,2012-12-12,2012-12-27 00:00:00,,,,,
Credit Analysis and Research Limited,,57,UNRESOLVED,2012,750.0,,2012-12-07,2012-12-11,2012-12-26 00:00:00,,,,,
Tara Jewels Limited,KKJEWELS-SM,86,REVIEW,2012,,,2012-11-21,2012-11-23,2012-12-06 00:00:00,,,,,
VKS Projects Limited,PSPPROJECT,82,REVIEW,2012,55.0,,2012-06-29,2012-07-04,2012-07-18 00:00:00,,,,,
Speciality Restaurants Limited,SPECIALITY,80,REVIEW,2012,150.0,,2012-05-16,2012-05-18,2012-05-30 00:00:00,,,,,
Tribhovandas Bhimji Zaveri Limited,TBZ,80,REVIEW,2012,120.0,,2012-04-24,2012-04-26,2012-05-09 00:00:00,,,,,
Mt Educare Limited,MTEDUCARE-BE,100,AUTO,2012,80.0,,2012-03-27,2012-03-29,2012-04-12 00:00:00,,,,,
National Buildings Construction Corporation Limited,,53,UNRESOLVED,2012,106.0,,2012-03-22,2012-03-27,2012-04-12 00:00:00,,,,,
Multi Commodity Exchange of India Limited,MCX,96,AUTO,2012,1032.0,,2012-02-22,2012-02-24,,,,,,
Indo Thai Securities Limited,,76,UNRESOLVED,2011,74.0,,2011-09-30,2011-10-05,2011-11-02 00:00:00,,,,,
Flexituff International Limited,,75,UNRESOLVED,2011,155.0,,2011-09-29,2011-10-05,2011-10-19 00:00:00,,,,,
Onelife Capital Advisors Limited,ONELIFECAP-BE,90,REVIEW,2011,110.0,,2011-09-28,2011-10-04,2011-10-17 00:00:00,,,,,
Taksheel Solutions Limited,TAKE-BE,87,REVIEW,2011,150.0,,2011-09-29,2011-10-04,2011-10-19 00:00:00,,,,,
M And B Switchgears Limited,RMC,80,REVIEW,2011,186.0,,2011-09-28,2011-10-05,2011-10-20 00:00:00,,,,,
Prakash Constrowell Ltd,,69,UNRESOLVED,2011,138.0,,2011-09-19,2011-09-21,2011-10-04 00:00:00,,,,,
PG Electroplast Limited,PGEL,100,AUTO,2011,210.0,,2011-09-07,2011-09-12,2011-09-26 00:00:00,,,,,
SRS Limited,,67,UNRESOLVED,2011,58.0,,2011-08-23,2011-08-26,2011-09-16 00:00:00,,,,,
Tree House Education & Accessories Limited,,61,UNRESOLVED,2011,135.0,,2011-08-10,2011-08-12,2011-08-26 00:00:00,,,,,
L&T Finance Holdings Limited,,77,UNRESOLVED,2011,52.0,,2011-07-27,2011-07-29,2011-08-12 00:00:00,,,,,
Inventure Growth And Securities Ltd,,70,UNRESOLVED,2011,117.0,,2011-07-20,2011-07-22,2011-08-04 00:00:00,,,,,
Bharatiya Global Infomedia Limited,,62,UNRESOLVED,2011,82.0,,2011-07-11,2011-07-14,2011-07-28 00:00:00,,,,,
Rushil Decor Limited,RUSHIL,100,AUTO,2011,72.0,,2011-06-20,2011-06-23,2011-07-07 00:00:00,,,,,
Timbor Home Limited,,56,UNRESOLVED,2011,63.0,,2011-05-30,2011-06-02,2011-06-22 00:00:00,,,,,
Aanjaneya Lifecare Limited,,67,UNRESOLVED,2011,234.0,,2011-05-09,2011-05-12,2011-05-27 00:00:00,,,,,
Sanghvi Forging And Engineering Ltd,,71,UNRESOLVED,2011,85.0,,2011-05-04,2011-05-09,2011-05-23 00:00:00,,,,,
Vaswani Industries Limited,KANANIIND,85,REVIEW,2011,49.0,,2011-04-29,2011-05-03,2011-09-20 00:00:00,,,,,
Servalakshmi Paper Limited,,65,UNRESOLVED,2011,29.0,,2011-04-27,2011-04-29,2011-05-12 00:00:00,,,,,
Innoventive Industries Limited,,76,UNRESOLVED,2011,117.0,,2011-04-26,2011-04-29,2011-05-13 00:00:00,,,,,
Future Ventures India Limited,,77,UNRESOLVED,2011,6.0,,2011-04-25,2011-04-28,2011-05-10 00:00:00,,,,,
Paramount Printpackaging Limited,,62,UNRESOLVED,2011,35.0,,2011-04-20,2011-04-25,2011-05-09 00:00:00,,,,,
Muthoot Finance Limited,MUTHOOTFIN,100,AUTO,2011,175.0,,2011-04-18,2011-04-21,2011-05-06 00:00:00,,,,,
Shilpi Cable Technologies Limited,SHILCTECH,84,REVIEW,2011,69.0,,2011-03-22,2011-03-25,2011-04-08 00:00:00,,,,,
PTC India Financial Services Limited,NIFTY FINSEREXBNK,86,REVIEW,2011,28.0,,2011-03-16,2011-03-18,2011-03-30 00:00:00,,,,,
Lovable Lingerie Limited,LOVABLE,100,AUTO,2011,205.0,,2011-03-08,2011-03-11,2011-03-24 00:00:00,,,,,
Fineotex Chemical Limited,FCL,100,AUTO,2011,225.0,,2011-02-23,2011-02-25,2015-01-15 00:00:00,,,,,
Acropetal Technologies Limited,TATATECH,81,REVIEW,2011,90.0,,2011-02-21,2011-02-24,2011-03-10 00:00:00,,,,,
Sudar Garments Limited,SAGCEM,80,REVIEW,2011,77.0,,2011-02-21,2011-02-24,2011-03-11 00:00:00,,,,,
Omkar Speciality Chemicals Limited,DMCC,85,REVIEW,2011,98.0,,2011-01-24,2011-01-27,2011-02-10 00:00:00,,,,,
C. Mahendra Exports Limited,,69,UNRESOLVED,2010,110.0,,2010-12-31,2011-01-06,2011-01-20 00:00:00,,,,,
Punjab & Sind Bank,PSB,100,AUTO,2010,120.0,,2010-12-13,2010-12-16,2010-12-30 00:00:00,,,,,
Ravi Kumar Distilleries Limited,,76,UNRESOLVED,2010,64.0,,2010-12-08,2010-12-10,2010-12-27 00:00:00,,,,,
MOIL Limited,MOIL,100,AUTO,2010,375.0,,2010-11-26,2010-12-01,2010-12-15 00:00:00,,,,,
R.P.P. Infra Projects Limited,RPPINFRA,100,AUTO,2010,75.0,,2010-11-18,2010-11-22,2010-12-06 00:00:00,,,,,
Gravita India Limited,GRAVITA,100,AUTO,2010,125.0,,2010-11-01,2010-11-03,2010-11-16 00:00:00,,,,,
Coal India Limited,COALINDIA,100,AUTO,2010,245.0,,2010-10-18,2010-10-21,2010-11-04 00:00:00,,,,,
Gyscoal Alloys Limited,,70,UNRESOLVED,2010,71.0,,2010-10-13,2010-10-15,2010-10-27 00:00:00,,,,,
Prestige Estates Projects Limited,,76,UNRESOLVED,2010,183.0,,2010-10-12,2010-10-14,2010-10-27 00:00:00,,,,,
BS Transcomm Limited,,64,UNRESOLVED,2010,248.0,,2010-10-06,2010-10-13,2010-10-27 00:00:00,,,,,
Oberoi Realty Limited,OBEROIRLTY,100,AUTO,2010,260.0,,2010-10-06,2010-10-08,2010-10-20 00:00:00,,,,,
Commercial Engineers & Body Builders Co Limited,,58,UNRESOLVED,2010,127.0,,2010-09-30,2010-10-05,2010-10-18 00:00:00,,,,,
Bedmutha Industries Ltd,BEDMUTHA,88,REVIEW,2010,102.0,,2010-09-28,2010-10-01,2010-10-14 00:00:00,,,,,
Ashoka Buildcon Limited,ASHOKA,100,AUTO,2010,324.0,,2010-09-24,2010-09-28,2010-10-14 00:00:00,,,,,
Tecpro Systems Limited,,77,UNRESOLVED,2010,355.0,,2010-09-23,2010-09-28,2010-10-12 00:00:00,,,,,
Va Tech Wabagh Limited,WABAG,96,AUTO,2010,1310.0,,2010-09-22,2010-09-27,2010-10-13 00:00:00,,,,,
Cantabil Retail India Limited,CANTABIL,100,AUTO,2010,135.0,,2010-09-22,2010-09-27,2010-10-12 00:00:00,,,,,
Electrosteel Steels Limited,,79,UNRESOLVED,2010,11.0,,2010-09-21,2010-09-24,2010-10-08 00:00:00,,,,,
Orient Green Power Company Limited,GREENPOWER,100,AUTO,2010,47.0,,2010-09-21,2010-09-24,2010-10-08 00:00:00,,,,,
Ramky Infrastructure Limited,MBLINFRA-BE,83,REVIEW,2010,450.0,,2010-09-21,2010-09-23,2010-10-08 00:00:00,,,,,
Microsec Financial Services Limited,,77,UNRESOLVED,2010,118.0,,2010-09-17,2010-09-21,2010-10-05 00:00:00,,,,,
Career Point Infosystems Limited,,74,UNRESOLVED,2010,310.0,,2010-09-16,2010-09-21,2010-10-06 00:00:00,,,,,
Eros International Media Limited,ELPROINTL,80,REVIEW,2010,175.0,,2010-09-17,2010-09-21,2010-10-06 00:00:00,,,,,
Indosolar Limited,WAAREEINDO,100,AUTO,2010,29.0,,2010-09-13,2010-09-15,2010-09-29 00:00:00,,,,,
Gujarat Pipavav Port Limited,GPPL,100,AUTO,2010,46.0,,2010-08-23,2010-08-26,2010-09-09 00:00:00,,,,,
Prakash Steelage Limited,PRAKASHSTL,100,AUTO,2010,110.0,,2010-08-05,2010-08-10,2010-08-25 00:00:00,,,,,
Bajaj Corp Limited,,75,UNRESOLVED,2010,660.0,,2010-08-02,2010-08-05,2010-08-18 00:00:00,,,,,
SKS Microfinance Limited,,71,UNRESOLVED,2010,985.0,,2010-07-28,2010-08-02,2010-08-16 00:00:00,,,,,
Hindustan Media Ventures Limited,HMVL,90,REVIEW,2010,166.0,,2010-07-05,2010-07-07,2010-07-21 00:00:00,,,,,
Technofab Engineering Limited,,79,UNRESOLVED,2010,240.0,,2010-06-29,2010-07-02,2010-07-16 00:00:00,,,,,
Aster Silicates Limited,,67,UNRESOLVED,2010,118.0,,2010-06-24,2010-06-28,2010-07-28 00:00:00,,,,,
Parabolic Drugs Limited,,67,UNRESOLVED,2010,75.0,,2010-06-14,2010-06-17,2010-07-01 00:00:00,,,,,
Jaypee Infratech Limited,,74,UNRESOLVED,2010,102.0,,2010-04-29,2010-05-04,2010-05-21 00:00:00,,,,,
SJVN Limited,SJVN,100,AUTO,2010,26.0,,2010-04-29,2010-05-03,2010-05-20 00:00:00,,,,,
Mandhana Industries Limited,MANORAMA,83,REVIEW,2010,130.0,,2010-04-27,2010-04-29,2010-05-19 00:00:00,,,,,
Tarapur Transformers Limited,TARAPUR,100,AUTO,2010,75.0,,2010-04-26,2010-04-28,2010-05-18 00:00:00,,,,,
Nitesh Estates Limited,,69,UNRESOLVED,2010,54.0,,2010-04-23,2010-04-27,2010-05-13 00:00:00,,,,,
Talwalkars Better Value Fitness Limited,,56,UNRESOLVED,2010,128.0,,2010-04-21,2010-04-23,2010-05-10 00:00:00,,,,,
Goenka Diamond & Jewels Limited,,75,UNRESOLVED,2010,135.0,,2010-03-23,2010-03-26,2010-04-16 00:00:00,,,,,
Intrasoft Technologies Limited,ADISOFT-SM,85,REVIEW,2010,145.0,,2010-03-23,2010-03-26,2010-04-12 00:00:00,,,,,
Shree Ganesh Jewellery House Limited,,60,UNRESOLVED,2010,260.0,,2010-03-19,2010-03-23,2010-04-09 00:00:00,,,,,
Persistent Systems Limited,PERSISTENT,100,AUTO,2010,310.0,,2010-03-17,2010-03-19,2010-04-06 00:00:00,,,,,
IL&FS Transportation Networks Limited,,67,UNRESOLVED,2010,258.0,,2010-03-11,2010-03-15,2010-03-30 00:00:00,,,,,
Pradip Overseas Limited,,74,UNRESOLVED,2010,110.0,,2010-03-11,2010-03-15,2010-04-05 00:00:00,,,,,
United Bank Of India,,78,UNRESOLVED,2010,66.0,,2010-02-23,2010-02-25,2010-03-18 00:00:00,,,,,
Man Infraconstruction Limited,,76,UNRESOLVED,2010,252.0,,2010-02-18,2010-02-22,2010-03-11 00:00:00,,,,,
Texmo Pipes & Products Ltd,TEXMOPIPES,97,AUTO,2010,90.0,,2010-02-16,2010-02-19,2010-03-10 00:00:00,,,,,
Hathway Cable & Datacom Limited,HATHWAY,100,AUTO,2010,240.0,,2010-02-09,2010-02-11,2010-02-25 00:00:00,,,,,
Arss Infrastructure Projects Limited,,73,UNRESOLVED,2010,450.0,,2010-02-08,2010-02-11,2010-03-03 00:00:00,,,,,
Emmbi Polyarns Limited,,58,UNRESOLVED,2010,45.0,,2010-02-01,2010-02-03,2010-02-24 00:00:00,,,,,
D B Realty Limited,,70,UNRESOLVED,2010,468.0,,2010-01-29,2010-02-02,2010-02-24 00:00:00,,,,,
Aqua Logistics Ltd,AVG,80,REVIEW,2010,220.0,,2010-01-25,2010-02-02,2010-02-23 00:00:00,,,,,
Syncom Healthcare Limited,,77,UNRESOLVED,2010,75.0,,2010-01-27,2010-01-29,2010-02-15 00:00:00,,,,,
Vascon Engineers Limited,VASCONEQ-BE,100,AUTO,2010,165.0,,2010-01-27,2010-01-29,2010-02-15 00:00:00,,,,,
Thangamayil Jewellery Limited,THANGAMAYL,100,AUTO,2010,75.0,,2010-01-27,2010-01-29,2010-02-19 00:00:00,,,,,
Jubilant Foodworks Limited,JUBLFOOD,100,AUTO,2010,145.0,,2010-01-18,2010-01-20,2010-02-08 00:00:00,,,,,
