company,pop,o_c,o_hi,hold5,hold20,regime,pcr,vix,brlm_score,brlm,anchors,anchor_q,ofs_pct,fresh_ratio,size_cr,ipo_pe,peer_pe,val_premium,roe,pb,eps,sector,qib_x,total_x,gmp_max
Indian Renewable Energy Developmen,56.25,20.0,20.0,28.3,94.6,,,,63,"SBI Capital Markets Ltd., IDBI Capital Markets & Securities Ltd., BOB Capital Markets Ltd.",,,,,2150.21,7.42,,,15.44,,,,42.69,27.35,
Diffusion Engineers Ltd.,15.178571428571427,5.0,5.0,33.96,90.28,,,,93,Unistone Capital Pvt.Ltd.,,,,,157.96,20.41,,,18.52,,,,38.77,59.88,
RBZ Jewellers,0.0,5.0,5.0,33.9,89.75,NORMAL,,,35,Arihant Capital Markets Ltd.,0,Tier-2 Neutral,0.0000,1.0000,100.00,16.53,,,27.49,,,Unknown,6.19,13.58,26.29
Zinka Logistics Solutions Ltd.,2.8937728937728857,-7.42,1.78,-3.49,78.59,,,,65,"JM Financial Ltd., Morgan Stanley India Co.Pvt.Ltd., IIFL Capital Services Ltd., Axis Capital Ltd.",,,,,1114.72,37.20,,,9.39,,,,1.53,1.34,
Motisons Jewellers,-80.18181818181819,-5.05,0.92,-0.92,65.14,NORMAL,,,80,Holani Consultants Pvt.Ltd.,0,Tier-2 Neutral,0.0000,1.0000,151.09,24.66,,,17.56,,,Jewellery Retail,64.92,213.54,32.9
Veranda Learning Solutions Ltd.,-8.75912408759124,5.0,5.0,33.88,65.08,,,,20,Systematix Corporate Services Ltd.,,,,,200.00,,,,134.12,,,,1.78,2.35,
Jyoti CNC Automation Ltd.,11.782477341389729,17.35,20.0,13.72,59.3,,,,65,"ICICI Securities Ltd., SBI Capital Markets Ltd., Equirus Capital Ltd.",,,,,1000.00,1122.83,,,18.35,,,,19.08,22.59,
Ola Electric Mobility Ltd.,0.0,20.0,20.0,92.61,50.76,,,,81,"Kotak Mahindra Capital Co.Ltd., ICICI Securities Ltd., SBI Capital Markets Ltd., BOFA Securities India Ltd., Citigroup Global Markets India Pvt.Ltd., BOB Capital Markets Ltd., Goldman Sachs (India) Securities Pvt.Ltd., Axis Capital Ltd.",,,,,6145.56,-21.16,,,,,,,2.84,2.85,
Quadrant Future Tek Ltd.,27.586206896551722,20.0,20.0,47.05,50.76,,,,80,Sundae Capital Advisors Pvt.Ltd.,,,,,290.00,-47.91,,,33.41,,,,56.72,108.05,
Adani Wilmar,-1.3043478260869565,18.17,19.49,69.1,49.96,NORMAL,,,81,"Kotak Mahindra Capital Co.Ltd., ICICI Securities Ltd., JP Morgan India Pvt.Ltd., BOFA Securities India Ltd., HDFC Bank Ltd., Credit Suisse Securities (India) Pvt.Ltd., BNP Paribas",0,Tier-2 Neutral,0.0000,1.0000,3600.00,39.47,,,,,,Unknown,2.96,13.44,32.22
Plaza Wires,40.74074074074074,5.53,5.53,34.54,49.61,NORMAL,,,63,Pantomath Capital Advisors Pvt.Ltd.,0,Tier-2 Neutral,0.0000,1.0000,71.28,25.15,,,14.15,,,Unknown,26.20,113.74,29.96
Jain Resource Recycling Ltd,14.24568965517242,20.0,20.0,29.2,45.65,NORMAL,,,60,"ICICI Securities Ltd., Motilal Oswal Investment Advisors Ltd., Dam Capital Advisors Ltd., PL Capital Markets Pvt.Ltd.",0,Tier-2 Neutral,0.0000,1.0000,1250.00,35.86,,,40.77,,,Metals Recycling,11.30,9.69,20.98
Macrotech Developers Ltd.,-55.144032921810705,6.7,9.63,38.62,45.48,,,,65,"Kotak Mahindra Capital Co.Ltd., ICICI Securities Ltd., JM Financial Ltd., JP Morgan India Pvt.Ltd., SBI Capital Markets Ltd., Edelweiss Financial Services Ltd., BOB Capital Markets Ltd., IIFL Capital Services Ltd., Axis Capital Ltd., YES Securities (India) Ltd.",,,,,2500.00,,,,,,,,1.83,1.14,
OnEMI Technology Solutions Ltd,11.11111111111111,9.81,19.68,3.19,42.29,NORMAL,,,60,JM Financial,0,Tier-2 Neutral,0.0000,1.0000,925.92,10.84,,,17.74,,,Fintech/Lending,11.00,7.27,37.04
Juniper Hotels Ltd.,1.3888888888888888,10.0,10.0,21.68,41.79,,,,60,"ICICI Securities Ltd., JM Financial Ltd., CLSA India Pvt.Ltd.",,,,,1800.00,,,,,,,,1.90,1.68,
Omnitech Engineering Ltd,-11.013215859030836,1.45,11.24,9.08,41.3,NORMAL,,,65,Equirus Capital,0,Tier-2 Neutral,0.0000,1.0000,583.00,50.53,,,21.55,,,Industrial Engineering,1.90,1.18,56.82
Anlon Healthcare Ltd,-89.89010989010988,-0.33,0.54,15.87,41.09,NORMAL,,,25,Interactive Financial Services Ltd.,0,Tier-2 Neutral,0.0000,1.0000,121.03,23.57,,,40.45,,,Healthcare,1.05,6.95,20.37
Epack Prefab Technologies Ltd,-9.87745098039216,3.7,7.53,4.27,40.67,NORMAL,,,60,"ICICI Securities Ltd., Dam Capital Advisors Ltd., Axis Capital Ltd.",0,Tier-2 Neutral,0.0000,1.0000,504.00,34.54,,,22.69,,,Prefab/Construction,2.75,2.53,29.55
Sona BLW Precision Forgings Ltd.,3.436426116838488,20.0,20.0,14.6,40.61,,,,68,"Kotak Mahindra Capital Co.Ltd., JM Financial Ltd., JP Morgan India Pvt.Ltd., Nomura Financial Advisory & Securities (India) Pvt.Ltd., Credit Suisse Securities (India) Pvt.Ltd.",,,,,5550.00,,,,,,,,2.03,1.69,
Metro Brands,-12.6,12.89,16.22,3.88,39.15,NORMAL,,,65,"ICICI Securities Ltd., Motilal Oswal Investment Advisors Ltd., Dam Capital Advisors Ltd., Axis Capital Ltd., Ambit Pvt.Ltd., Equirus Capital Ltd.",0,Tier-2 Neutral,0.0000,1.0000,1367.51,36.19,,,,,,Unknown,4.01,2.63,44.52
Scoda Tubes Limited,0.0,5.0,5.0,26.61,37.55,NORMAL,,,60,Monarch Networth Capital Ltd.,0,Tier-2 Neutral,0.0000,1.0000,220.00,25.25,,,28.77,,,Steel/Tubes,30.23,40.52,55.76
Enviro Infra Engineers Ltd.,48.64864864864865,-5.88,6.23,14.23,37.23,,,,68,Hem Securities Ltd.,,,,,650.30,21.10,,,51.68,,,,63.50,62.85,
Aditya Infotech Ltd,50.37037037037037,6.67,8.77,4.59,36.6,NORMAL,,,60,"ICICI Securities Ltd., IIFL Capital Services Ltd.",0,Tier-2 Neutral,0.0000,1.0000,1300.00,22.52,,,34.53,,,CCTV/Security Tech,56.70,58.82,33.67
Laxmi Organic Industries Ltd.,19.615384615384617,5.76,12.28,11.19,35.08,,,,60,"Dam Capital Advisors Ltd., Axis Capital Ltd.",,,,,600.00,,,,,,,,71.29,74.78,
Global Surfaces,17.142857142857142,4.3,5.0,1.01,34.82,NORMAL,,,93,Unistone Capital Pvt.Ltd.,0,Tier-2 Neutral,0.0000,1.0000,154.98,20.06,,,26.59,,,Unknown,4.25,8.85,27.17
Powerica Ltd,-7.341772151898734,6.56,8.47,12.06,33.28,NORMAL,,,60,ICICI Securities,0,Tier-2 Neutral,0.0000,1.0000,1100.00,18.58,,,17.53,,,Capital Goods/DG Sets,2.53,1.38,13.1
Rategain Travel Technologies Ltd.,-15.294117647058824,-5.54,6.39,3.25,32.21,,,,65,"Kotak Mahindra Capital Co.Ltd., IIFL Capital Services Ltd., Nomura Financial Advisory & Securities (India) Pvt.Ltd.",,,,,1335.74,,,,,,,,3.97,9.73,
Landmark Cars,-6.91699604743083,-2.68,2.15,-1.51,31.72,NORMAL,,,60,"ICICI Securities Ltd., Axis Capital Ltd.",0,Tier-2 Neutral,0.0000,1.0000,552.00,26.53,,,26.66,,,Unknown,4.34,2.58,11.99
Sagility India Ltd.,3.533333333333329,-5.6,5.83,-9.01,31.39,,,,65,"ICICI Securities Ltd., JP Morgan India Pvt.Ltd., IIFL Capital Services Ltd., Jefferies India Pvt.Ltd.",,,,,2106.40,61.52,,,,,,,2.04,2.20,
Billionbrains Garage Ventures Ltd,12.0,17.26,20.0,51.69,30.32,NORMAL,,,65,"Kotak Mahindra Capital Co.Ltd., JP Morgan India Pvt.Ltd., Citigroup Global Markets India Pvt.Ltd., Motilal Oswal Investment Advisors Ltd., Axis Capital Ltd.",0,Tier-2 Neutral,0.0000,1.0000,6632.30,40.79,,,,,,Fintech/Wealth,9.41,10.09,38.71
Exxaro Tiles,-89.5,5.0,5.0,-2.86,29.05,NORMAL,,,63,Pantomath Capital Advisors Pvt.Ltd.,0,Tier-2 Neutral,0.0000,1.0000,160.78,36.46,,,,,,Unknown,7.81,16.12,52.32
HP Adhesives,-77.00729927007299,5.0,5.0,33.97,27.38,NORMAL,,,93,Unistone Capital Pvt.Ltd.,0,Tier-2 Neutral,0.0000,1.0000,125.96,34.88,,,,,,Unknown,1.32,8.45,45.36
Prostarm Info Systems Limited,14.285714285714285,5.0,5.0,-2.44,26.88,NORMAL,,,65,Choice Capital Advisors Pvt.Ltd.,0,Tier-2 Neutral,0.0000,1.0000,168.00,20.97,,,31.41,,,Power/UPS,41.80,67.65,28.17
Five-Star Business Finance,-1.0970464135021074,4.52,15.96,6.54,26.85,NORMAL,,,65,"Kotak Mahindra Capital Co.Ltd., ICICI Securities Ltd., Edelweiss Financial Services Ltd., Nomura Financial Advisory & Securities (India) Pvt.Ltd.",0,Tier-2 Neutral,0.0000,1.0000,1588.51,34.96,,,13.86,,,Unknown,1.68,1.01,33.58
GSP Crop Science Ltd,2.5,8.61,10.98,12.1,26.77,NORMAL,,,65,Equirus Capital,0,Tier-2 Neutral,0.0000,1.0000,400.00,9.18,,,18.38,,,Agro Chemicals,1.66,1.44,26.09
Swiggy Ltd.,7.6923076923076925,8.57,10.9,-0.81,26.75,,,,81,"Kotak Mahindra Capital Co.Ltd., ICICI Securities Ltd., JP Morgan India Pvt.Ltd., BOFA Securities India Ltd., Citigroup Global Markets India Pvt.Ltd., Avendus Capital Pvt.Ltd., Jefferies India Pvt.Ltd.",,,,,11327.43,-35.72,,,,,,,3.01,2.42,
Signatureglobal (India) Ltd.,15.324675324675324,3.28,6.76,6.48,26.25,,,,65,"Kotak Mahindra Capital Co.Ltd., ICICI Securities Ltd., Axis Capital Ltd.",,,,,730.00,,,,-134.0,,,,6.19,7.47,
Le Travenues Technology Ltd.,48.49462365591397,20.0,20.0,16.02,25.45,,,,60,"JM Financial Ltd., Dam Capital Advisors Ltd., Axis Capital Ltd.",,,,,740.10,41.12,,,,,,,43.10,54.40,
Aadhar Housing Finance Ltd.,0.0,4.59,9.11,9.0,24.05,,,,65,"Kotak Mahindra Capital Co.Ltd., ICICI Securities Ltd., SBI Capital Markets Ltd., Citigroup Global Markets India Pvt.Ltd., Nomura Financial Advisory & Securities (India) Pvt.Ltd.",,,,,3000.00,18.39,,,18.4,,,,31.13,19.00,
Medplus Health Services Ltd.,30.65326633165829,7.8,9.99,-0.88,24.04,,,,68,"Edelweiss Financial Services Ltd., Nomura Financial Advisory & Securities (India) Pvt.Ltd., Credit Suisse Securities (India) Pvt.Ltd., Axis Capital Ltd.",,,,,1398.29,,,,,,,,46.21,37.36,
Akums Drugs & Pharmaceuticals Ltd.,6.774668630338733,9.83,10.0,29.0,23.72,,,,60,"ICICI Securities Ltd., Citigroup Global Markets India Pvt.Ltd., Axis Bank Ltd., Ambit Pvt.Ltd.",,,,,1856.74,,,,0.11,,,,36.57,35.54,
Cyient DLM,52.075471698113205,4.37,5.96,26.71,23.62,NORMAL,,,60,"JM Financial Ltd., Axis Capital Ltd.",0,Tier-2 Neutral,0.0000,1.0000,592.00,44.69,,,23.1,,,Defense Electronics,39.02,40.27,29.66
Amagi Media Labs Ltd,-11.911357340720222,9.51,12.25,14.25,22.7,NORMAL,,,65,Kotak Mahindra Capital,0,Tier-2 Neutral,0.0000,1.0000,1788.62,603.54,,,,,,Media Tech/SaaS,13.85,17.08,20.09
Nova Agritech,34.146341463414636,5.0,5.0,33.73,22.45,NORMAL,,,55,"Keynote Financial Services Ltd., Bajaj Capital Ltd.",0,Tier-2 Neutral,0.0000,1.0000,143.81,18.27,,,38.27,,,Agri Chemicals,32.51,78.51,52.39
Sai Parenteral's Ltd.,2.0408163265306123,1.42,4.0,5.99,22.36,,,,35,Arihant Capital,,,,,408.79,,,,16.82,,,,1.34,1.08,
Zaggle Prepaid Ocean Services Ltd.,0.0,-3.45,7.32,22.29,21.98,,,,65,"ICICI Securities Ltd., JM Financial Ltd., IIFL Capital Services Ltd., Equirus Capital Ltd.",,,,,563.38,87.23,,,46.98,,,,7.45,7.55,
ECOS (India) Mobility & Hospitalit,16.766467065868262,13.63,16.92,23.64,21.85,,,,65,"IIFL Capital Services Ltd., Equirus Capital Ltd.",,,,,601.20,32.05,,,42.75,,,,55.38,44.98,
Sanstar Ltd.,14.736842105263156,5.57,18.16,10.31,21.1,,,,63,Pantomath Capital Advisors Pvt.Ltd.,,,,,510.15,25.93,,,30.92,,,,58.84,57.94,
Krishna Institute of Medical Scien,-75.53939393939395,-1.19,4.96,8.47,21.09,,,,68,"Kotak Mahindra Capital Co.Ltd., IIFL Capital Services Ltd., Credit Suisse Securities (India) Pvt.Ltd., Axis Capital Ltd.",,,,,2143.74,,,,,,,,2.74,2.52,
Anupam Rasayan India Ltd.,-6.306306306306306,1.31,5.57,-0.59,21.08,,,,60,"JM Financial Ltd., IIFL Capital Services Ltd., Axis Capital Ltd., Ambit Pvt.Ltd.",,,,,760.00,,,,,,,,27.06,31.00,
Manoj Vaibhav Gems 'N' Jewellers L,0.0,0.23,3.26,13.58,20.95,,,,65,"Elara Capital (India) Pvt.Ltd., Bajaj Capital Ltd.",,,,,270.20,,,,23.19,,,,1.04,1.91,
Bikaji Foods International Ltd.,7.600000000000004,-1.66,3.69,6.8,20.9,,,,65,"Kotak Mahindra Capital Co.Ltd., JM Financial Ltd., Intensive Fiscal Services Pvt.Ltd., IIFL Capital Services Ltd., Axis Capital Ltd.",,,,,880.86,,,,9.5,,,,30.19,17.63,
Fabtech Technologies Ltd,0.5235602094240838,-5.0,0.26,-1.85,20.9,NORMAL,,,60,"Motilal Oswal Investment Advisors Ltd., Monarch Networth Capital Ltd.",0,Tier-2 Neutral,0.0000,1.0000,230.30,18.28,,,30.46,,,Pharma Equipment,2.02,2.01,22.25
Yatharth Hospital & Trauma Care Se,2.0333333333333408,9.07,12.09,10.16,20.78,,,,60,"Intensive Fiscal Services Pvt.Ltd., IIFL Capital Services Ltd., Ambit Pvt.Ltd.",,,,,686.55,,,,35.95,,,,35.04,26.24,
Advance Agrolife Ltd,14.000000000000002,-5.0,0.44,-3.11,20.46,NORMAL,,,65,Choice Capital Advisors Pvt.Ltd.,0,Tier-2 Neutral,0.0000,1.0000,192.86,25.07,,,25.42,,,Agro Chemicals,11.59,39.68,37.52
Laxmi India Finance Ltd,-12.962025316455689,-2.48,6.66,8.52,20.0,NORMAL,,,55,PL Capital Markets Pvt.Ltd.,0,Tier-2 Neutral,0.0000,1.0000,254.26,22.94,,,,,,NBFC,1.47,1.76,15.02
GK Energy Ltd,11.76470588235294,-1.91,2.16,1.59,19.99,NORMAL,,,60,"IIFL Capital Services Ltd., HDFC Bank Ltd.",0,Tier-2 Neutral,0.0000,1.0000,464.26,23.30,,,63.71,,,Renewable/Power,77.69,65.56,53.79
BLS E-Services,125.92592592592592,20.0,20.0,1.41,19.93,NORMAL,,,93,Unistone Capital Pvt.Ltd.,0,Tier-2 Neutral,0.0000,1.0000,309.29,60.33,,,33.33,,,Financial Services,49.54,94.98,50.46
Rubicon Research Ltd,27.835051546391753,1.32,3.06,-6.9,19.69,NORMAL,,,60,"JM Financial Ltd., SBI Capital Markets Ltd., IIFL Capital Services Ltd., Axis Capital Ltd.",0,Tier-2 Neutral,0.0000,1.0000,1377.68,46.13,,,29.02,,,Pharma API,55.39,60.38,52.24
Utkarsh Small Finance Bank,35.84,19.99,19.99,28.12,19.38,NORMAL,,,65,"Kotak Mahindra Capital Co.Ltd., ICICI Securities Ltd.",0,Tier-2 Neutral,0.0000,1.0000,500.00,21.42,,,22.64,,,Unknown,54.91,61.41,52.96
Bharti Hexacom,32.45614035087719,7.72,16.56,22.75,19.17,NORMAL,,,60,"ICICI Securities Ltd., SBI Capital Markets Ltd., BOB Capital Markets Ltd., IIFL Capital Services Ltd., Axis Capital Ltd.",0,Tier-2 Neutral,0.0000,1.0000,4275.00,75.85,,,,,,Telecom,20.07,16.87,17.94
Awfis Space Solutions Ltd.,13.577023498694519,-3.05,3.78,-6.06,18.3,,,,60,"ICICI Securities Ltd., IIFL Capital Services Ltd., Axis Capital Ltd., Emkay Global Financial Services Ltd.",,,,,598.93,,,,,,,,47.18,60.05,
R R Kabel Ltd.,14.009661835748794,1.53,2.77,1.69,18.2,,,,63,"JM Financial Ltd., Citigroup Global Markets India Pvt.Ltd., HSBC Securities & Capital Markets (India) Pvt.Ltd., Axis Capital Ltd.",,,,,1964.01,39.26,,,14.22,,,,21.62,13.40,
Anand Rathi Share & Stock Brokers ,4.3478260869565215,3.14,6.18,3.04,17.91,,,,78,"Dam Capital Advisors Ltd., Anand Rathi Advisors Ltd., Nuvama Wealth Management Ltd.",,,,,745.64,25.06,,,23.12,,,,19.04,15.55,
Stanley Lifestyles Ltd.,34.132791327913274,-4.08,2.92,-1.58,17.75,,,,60,"ICICI Securities Ltd., JM Financial Ltd., SBI Capital Markets Ltd., Axis Capital Ltd.",,,,,537.02,84.40,,,7.92,,,,86.67,68.33,
JSW Infrastructure,20.168067226890756,10.0,10.0,18.71,17.59,NORMAL,,,68,"Kotak Mahindra Capital Co.Ltd., ICICI Securities Ltd., JM Financial Ltd., SBI Capital Markets Ltd., Dam Capital Advisors Ltd., HSBC Securities & Capital Markets (India) Pvt.Ltd., Credit Suisse Securities (India) Pvt.Ltd., Axis Capital Ltd.",0,Tier-2 Neutral,0.0000,1.0000,2800.00,19.38,,,18.33,,,Ports/Infrastructure,24.64,22.03,17.23
Capillary Technologies India Ltd,-0.8838821490467977,6.05,10.84,12.61,17.55,NORMAL,,,63,"JM Financial Ltd., IIFL Capital Services Ltd., Nomura Financial Advisory & Securities (India) Pvt.Ltd.",0,Tier-2 Neutral,0.0000,1.0000,877.50,2214.95,,,,,,SaaS/Retail,23.44,29.48,22.94
RailTel Corp.of India Ltd.,15.957446808510639,11.33,17.29,45.87,17.11,,,,63,"ICICI Securities Ltd., SBI Capital Markets Ltd., IDBI Capital Markets & Securities Ltd.",,,,,819.24,,,,,,,,26.74,29.24,
Go Digit General Insurance Ltd.,5.147058823529411,6.99,9.79,4.34,16.82,,,,65,"ICICI Securities Ltd., Morgan Stanley India Co.Pvt.Ltd., IIFL Capital Services Ltd., HDFC Bank Ltd., Axis Capital Ltd., Nuvama Wealth Management Ltd.",,,,,2614.65,145.03,,,,,,,5.61,5.70,
BlueStone Jewellery & Lifestyle Lt,-1.3539651837524178,7.06,10.59,6.25,16.71,,,,65,"Kotak Mahindra Capital Co.Ltd., IIFL Capital Services Ltd., Axis Capital Ltd.",,,,,1540.65,,,,-34.53,,,,2.30,1.94,
Ellenbarrie Industrial Gases Limit,21.5,10.0,10.0,24.42,16.66,NORMAL,,,60,"JM Financial Ltd., Motilal Oswal Investment Advisors Ltd., IIFL Capital Services Ltd.",0,Tier-2 Neutral,0.0000,1.0000,852.53,67.69,,,16.88,,,Industrial Gases,25.92,16.04,46.85
Afcons Infrastructure Ltd.,-7.991360691144708,11.31,12.55,15.9,16.64,,,,65,"ICICI Securities Ltd., SBI Capital Markets Ltd., Dam Capital Advisors Ltd., Nomura Financial Advisory & Securities (India) Pvt.Ltd., Jefferies India Pvt.Ltd., Nuvama Wealth Management Ltd.",,,,,5430.00,46.48,,,10.55,,,,2.19,2.20,
Sula Vineyards,1.1204481792717087,-8.25,0.64,-10.48,16.45,NORMAL,,,65,"Kotak Mahindra Capital Co.Ltd., IIFL Capital Services Ltd., CLSA India Pvt.Ltd.",0,Tier-2 Neutral,0.0000,1.0000,960.35,44.51,,,13.19,,,Unknown,2.33,1.93,23.73
Supriya Lifescience,53.64963503649635,-7.16,0.0,13.57,16.32,NORMAL,,,60,"ICICI Securities Ltd., Axis Capital Ltd.",0,Tier-2 Neutral,0.0000,1.0000,700.00,35.28,,,,,,Unknown,13.76,39.68,26.73
CMS Info Systems Ltd.,1.9444444444444393,8.17,17.89,24.95,16.26,,,,65,"JM Financial Ltd., Dam Capital Advisors Ltd., Jefferies India Pvt.Ltd., Axis Capital Ltd.",,,,,1100.00,,,,,,,,1.44,1.29,
Sambhv Steel Tubes Limited,34.146341463414636,-11.28,0.91,9.8,16.1,NORMAL,,,45,"Motilal Oswal Investment Advisors Ltd., Nuvama Wealth Management Ltd.",0,Tier-2 Neutral,0.0000,1.0000,540.00,44.54,,,25.42,,,Steel/Pipes,27.26,21.49,12.94
Paras Defence & Space Technologies,38.42857142857143,-1.98,0.93,4.13,15.77,,,,78,Anand Rathi Advisors Ltd.,,,,,170.78,,,,,,,,70.75,215.09,
Honasa Consumer Ltd.,1.8518518518518516,2.15,3.17,-3.65,15.44,,,,65,"Kotak Mahindra Capital Co.Ltd., JM Financial Ltd., JP Morgan India Pvt.Ltd., Citigroup Global Markets India Pvt.Ltd.",,,,,1701.44,105.54,,,,,,,5.22,4.65,
Valiant Laboratories,7.571428571428568,4.99,4.99,8.97,15.42,NORMAL,,,93,Unistone Capital Pvt.Ltd.,0,Tier-2 Neutral,0.0000,1.0000,152.46,39.52,,,33.73,,,Unknown,8.78,20.95,32.54
Godavari Biorefineries Ltd.,-12.5,11.43,15.08,9.81,14.84,,,,65,"SBI Capital Markets Ltd., Equirus Capital Ltd.",,,,,554.75,-17.25,,,-11.16,,,,1.77,1.61,
Mankind Pharma,20.37037037037037,9.41,10.0,4.54,14.5,NORMAL,,,65,"Kotak Mahindra Capital Co.Ltd., JP Morgan India Pvt.Ltd., IIFL Capital Services Ltd., Jefferies India Pvt.Ltd., Axis Capital Ltd.",0,Tier-2 Neutral,0.0000,1.0000,4326.36,20.22,,,27.6,,,Pharma,20.32,11.01,57.88
Oswal Pumps Limited,3.257328990228013,-1.36,2.84,9.26,14.24,NORMAL,,,60,"JM Financial Ltd., IIFL Capital Services Ltd., Axis Capital Ltd., CLSA India Pvt.Ltd., Nuvama Wealth Management Ltd.",0,Tier-2 Neutral,0.0000,1.0000,1387.34,24.22,,,,,,Industrial/Pumps,35.89,24.93,29.13
Atlanta Electricals Ltd,13.660477453580903,-3.93,0.93,3.21,13.91,NORMAL,,,60,"Motilal Oswal Investment Advisors Ltd., Axis Capital Ltd.",0,Tier-2 Neutral,0.0000,1.0000,687.85,33.50,,,33.91,,,Electrical/EPC,77.97,50.62,17.4
Shyam Metalics & Energy Ltd.,24.18300653594771,-1.01,5.0,-2.46,13.5,,,,60,"ICICI Securities Ltd., JM Financial Ltd., SBI Capital Markets Ltd., IIFL Capital Services Ltd., Axis Capital Ltd.",,,,,908.80,,,,,,,,63.52,84.58,
Hexagon Nutrition Ltd.,7.222222222222221,4.99,4.99,9.02,13.49,,,,55,Cumulative Capital,,,,,138.87,15.35,,,10.47,,,,8.43,37.47,
Central Mine Planning & Design Ins,-6.976744186046512,-3.71,5.44,-2.29,13.47,,,,63,IDBI Capital,,,,,1841.45,21.65,,,,,,,2.02,1.03,
Archean Chemical Industries Ltd.,10.565110565110565,1.81,5.78,19.9,13.4,,,,60,"ICICI Securities Ltd., JM Financial Ltd., IIFL Capital Services Ltd.",,,,,1462.30,,,,113.11,,,,20.35,18.34,
C.E.Info systems Ltd.,51.50048402710552,-10.95,1.6,3.34,13.27,,,,65,"Kotak Mahindra Capital Co.Ltd., JM Financial Ltd., Dam Capital Advisors Ltd., Axis Capital Ltd.",,,,,1039.61,,,,,,,,79.28,107.80,
Anthem Biosciences Ltd,26.85087719298245,1.01,3.31,4.54,13.17,NORMAL,,,63,"JM Financial Ltd., JP Morgan India Pvt.Ltd., Citigroup Global Markets India Pvt.Ltd., Nomura Financial Advisory & Securities (India) Pvt.Ltd.",0,Tier-2 Neutral,0.0000,1.0000,3395.00,70.62,,,20.82,,,Pharma/CDMO,77.87,47.37,54.53
Rishabh Instruments,4.3197278911564645,-3.67,2.16,-2.23,13.11,NORMAL,,,45,"Motilal Oswal Investment Advisors Ltd., Dam Capital Advisors Ltd., Mirae Asset Capital Markets (India) Pvt.Ltd.",0,Tier-2 Neutral,0.0000,1.0000,490.78,33.69,,,12.39,,,Unknown,29.51,22.32,29.28
NTPC Green Energy Ltd.,3.2407407407407405,9.1,10.0,32.42,13.03,,,,63,"IDBI Capital Markets & Securities Ltd., IIFL Capital Services Ltd., HDFC Bank Ltd., Nuvama Wealth Management Ltd.",,,,,10000.00,259.56,,,7.39,,,,2.01,1.91,
Dodla Dairy,28.504672897196258,10.89,18.55,5.36,12.79,NORMAL,,,60,"ICICI Securities Ltd., Axis Capital Ltd.",0,Tier-2 Neutral,0.0000,1.0000,520.18,23.73,,,,,,Unknown,34.55,31.67,41.57
Concord Biotech,21.46423751686909,4.75,9.74,8.18,12.64,NORMAL,,,65,"Kotak Mahindra Capital Co.Ltd., Citigroup Global Markets India Pvt.Ltd., Jefferies India Pvt.Ltd.",0,Tier-2 Neutral,0.0000,1.0000,1550.52,31.15,,,20.06,,,Unknown,27.62,17.64,22.87
Canara HSBC Life Insurance Co.Ltd.,0.0,5.11,6.42,14.66,12.61,,,,63,"JM Financial Ltd., SBI Capital Markets Ltd., Motilal Oswal Investment Advisors Ltd., HSBC Securities & Capital Markets (India) Pvt.Ltd., BNP Paribas",,,,,2517.50,107.53,,,7.71,,,,3.44,1.90,
Innova Captab,0.9151785714285765,19.75,20.0,18.81,12.59,NORMAL,,,60,"ICICI Securities Ltd., JM Financial Ltd.",0,Tier-2 Neutral,0.0000,1.0000,570.00,36.42,,,24.58,,,Unknown,46.93,39.17,52.97
Global Health Ltd.,19.345238095238095,3.57,5.9,12.44,12.33,,,,68,"Kotak Mahindra Capital Co.Ltd., JM Financial Ltd., Credit Suisse Securities (India) Pvt.Ltd., Jefferies India Pvt.Ltd.",,,,,2205.57,,,,13.1,,,,12.42,7.11,
Ajax Engineering Ltd.,-8.426073131955485,3.37,5.73,4.71,12.19,,,,60,"ICICI Securities Ltd., JM Financial Ltd., SBI Capital Markets Ltd., Citigroup Global Markets India Pvt.Ltd., Nuvama Wealth Management Ltd.",,,,,1268.93,35.62,,,24.53,,,,6.46,4.84,
Premier Energies,120.0,-15.16,0.46,18.56,12.06,NORMAL,,,65,"Kotak Mahindra Capital Co.Ltd., ICICI Securities Ltd., JP Morgan India Pvt.Ltd.",0,Tier-2 Neutral,15.0000,0.8500,2830.40,25.59,,,43.73,,,Solar Manufacturing,85.49,52.82,34.45
Aegis Vopak Terminals Limited,-6.382978723404255,10.0,10.0,17.31,11.53,NORMAL,,,65,"ICICI Securities Ltd., IIFL Capital Services Ltd., HDFC Bank Ltd., Jefferies India Pvt.Ltd., BNP Paribas",0,Tier-2 Neutral,0.0000,1.0000,2800.00,227.36,,,8.68,,,Terminals/Logistics,1.97,1.66,15.06
Medi Assist Healthcare Services Lt,10.047846889952153,0.89,12.61,-0.27,11.41,,,,60,"SBI Capital Markets Ltd., Axis Bank Ltd., IIFL Capital Services Ltd., Nuvama Wealth Management Ltd.",,,,,1171.58,31.80,,,,,,,16.68,11.63,
R K SWAMY Ltd.,-13.194444444444445,5.04,13.96,5.38,11.26,,,,60,"SBI Capital Markets Ltd., Motilal Oswal Investment Advisors Ltd., IIFL Capital Services Ltd.",,,,,423.56,91.63,,,16.47,,,,8.85,14.81,
Om Freight Forwarders Ltd,-39.62962962962963,4.99,4.99,11.5,11.15,NORMAL,,,20,Smart Horizon Capital Advisors Pvt.Ltd.,0,Tier-2 Neutral,0.0000,1.0000,122.31,20.67,,,13.53,,,Logistics,2.91,3.58,52.44
Nuvoco Vistas Corp.Ltd.,-14.912280701754385,9.63,13.4,11.92,10.58,,,,63,"ICICI Securities Ltd., JP Morgan India Pvt.Ltd., SBI Capital Markets Ltd., HSBC Securities & Capital Markets (India) Pvt.Ltd., Axis Capital Ltd.",,,,,5000.00,,,,,,,,2.34,1.45,
Sai Life Sciences Ltd.,18.397085610200364,17.64,20.0,14.78,10.28,,,,65,"Kotak Mahindra Capital Co.Ltd., Morgan Stanley India Co.Pvt.Ltd., IIFL Capital Services Ltd., Jefferies India Pvt.Ltd.",,,,,3042.62,203.82,,,11.79,,,,12.54,7.50,
Aether Industries,9.657320872274143,10.0,10.0,11.66,9.99,NORMAL,,,65,"Kotak Mahindra Capital Co.Ltd., HDFC Bank Ltd.",0,Tier-2 Neutral,0.0700,1.0000,808.04,20.85,,,40.79,,,Specialty Chemicals,8.34,4.72,30.39
Gala Precision Engineering Ltd.,36.31379962192817,5.0,5.0,-0.08,9.35,,,,55,PL Capital Markets Pvt.Ltd.,,,,,167.93,30.01,,,23.59,,,,92.68,145.78,
Saatvik Green Energy Ltd,0.0,-5.23,0.0,-2.39,9.06,NORMAL,,,45,"Motilal Oswal Investment Advisors Ltd., Dam Capital Advisors Ltd., Ambit Pvt.Ltd.",0,Tier-2 Neutral,0.0000,1.0000,900.20,27.63,,,63.41,,,Solar Manufacturing,5.14,5.09,43.01
Niva Bupa Health Insurance Co.Ltd.,5.594594594594595,-5.27,3.66,-1.68,9.02,,,,65,"Kotak Mahindra Capital Co.Ltd., ICICI Securities Ltd., Motilal Oswal Investment Advisors Ltd., Morgan Stanley India Co.Pvt.Ltd., HDFC Bank Ltd., Axis Capital Ltd.",,,,,2200.00,-177.74,,,,,,,1.49,1.50,
Fusion Micro Finance Ltd.,-5.407608695652168,-9.65,1.47,-4.95,8.78,,,,60,"ICICI Securities Ltd., JM Financial Ltd., IIFL Capital Services Ltd., CLSA India Pvt.Ltd.",,,,,1103.99,,,,1.68,,,,4.03,2.35,
ICICI Prudential Asset Management ,20.092378752886837,-0.54,2.44,2.27,8.77,,,,81,"Kotak Mahindra Capital Co.Ltd., UBS Securities India Pvt.Ltd., ICICI Securities Ltd., JM Financial Ltd., SBI Capital Markets Ltd., BOFA Securities India Ltd., Citigroup Global Markets India Pvt.Ltd., Motilal Oswal Investment Advisors Ltd., Morgan Stanley India Co.Pvt.Ltd., IIFL Capital Services Ltd., Nomura Financial Advisory & Securities (India) Pvt.Ltd., Goldman Sachs (India) Securities Pvt.Ltd., HDFC Bank Ltd., Avendus Capital Pvt.Ltd., Axis Capital Ltd., BNP Paribas, CLSA India Pvt.Ltd., Nuvama Wealth Management Ltd.",,,,,10602.65,33.07,,,82.8,,,,50.39,28.19,
DEE Development Engineers Ltd.,66.99507389162561,-1.09,7.88,-1.22,8.48,,,,65,"SBI Capital Markets Ltd., Equirus Capital Ltd.",,,,,418.01,73.33,,,,,,,83.87,72.53,
Crizac Limited,11.061224489795928,9.46,10.0,25.54,8.1,NORMAL,,,78,"Anand Rathi Advisors Ltd., Equirus Capital Ltd.",0,Tier-2 Neutral,0.0000,1.0000,860.00,28.03,,,30.24,,,Education/Migration,57.16,44.19,18.24
SEDEMAC Mechatronics Ltd,13.535502958579881,-5.47,5.11,-0.12,8.04,NORMAL,,,60,ICICI Securities,0,Tier-2 Neutral,0.0000,1.0000,1087.35,62.63,,,22.01,,,Auto Components/Tech,3.99,2.19,58.65
Jupiter Life Line Hospitals,32.38095238095238,10.56,13.97,13.14,7.63,NORMAL,,,60,"ICICI Securities Ltd., JM Financial Ltd., Nuvama Wealth Management Ltd.",0,Tier-2 Neutral,0.0000,1.0000,869.08,66.10,,,20.03,,,Healthcare,75.72,46.01,44.06
M&B Engineering Ltd.,0.0,6.14,8.78,13.13,7.48,,,,65,"Dam Capital Advisors Ltd., Equirus Capital Ltd.",,,,,650.00,28.55,,,25.13,,,,15.98,21.30,
One Mobikwik Systems Ltd.,57.70609318996416,20.0,20.0,45.15,7.47,,,,60,"SBI Capital Markets Ltd., Dam Capital Advisors Ltd.",,,,,572.00,-86.75,,,,,,,50.81,69.61,
TBO Tek,55.00000000000001,-1.38,2.1,-2.14,7.3,NORMAL,,,65,"JM Financial Ltd., Goldman Sachs (India) Securities Pvt.Ltd., Jefferies India Pvt.Ltd., Axis Capital Ltd.",0,Tier-2 Neutral,0.0000,1.0000,1550.81,48.60,,,,,,Travel Tech,50.73,48.14,24.31
FSN E-Commerce Ventures Ltd.,-70.10222222222222,9.31,11.39,5.2,7.19,,,,81,"Kotak Mahindra Capital Co.Ltd., ICICI Securities Ltd., JM Financial Ltd., BOFA Securities India Ltd., Citigroup Global Markets India Pvt.Ltd., Morgan Stanley India Co.Pvt.Ltd.",,,,,5349.72,,,,,,,,37.54,45.47,
Divgi TorqTransfer Systems Ltd.,5.084745762711865,-2.39,0.0,2.61,7.09,,,,65,"Equirus Capital Ltd., Inga Ventures Pvt.Ltd.",,,,,412.12,,,,14.52,,,,3.76,3.44,
EMS Limited,33.672985781990526,-0.76,3.17,-8.14,7.06,NORMAL,,,80,Khambatta Securities Ltd.,0,WEAK,0.0000,1.0000,321.25,10.78,,,22.27,,,Unknown,60.31,52.97,0.0
Brigade Hotel Ventures Ltd,-9.888888888888896,5.2,8.31,-0.14,7.02,NORMAL,,,60,"ICICI Securities Ltd., JM Financial Ltd.",0,Tier-2 Neutral,0.0000,1.0000,759.60,144.48,,,,,,Hotels,2.90,4.26,10.33
ACME Solar Holdings Ltd.,-13.148788927335639,0.86,10.0,-2.13,6.77,,,,65,"Kotak Mahindra Capital Co.Ltd., ICICI Securities Ltd., JM Financial Ltd., Motilal Oswal Investment Advisors Ltd., Nuvama Wealth Management Ltd.",,,,,2900.00,3147.37,,,2.93,,,,2.12,2.04,
Canara Robeco Asset Management Co.,5.357142857142857,7.21,13.47,20.12,6.28,,,,60,"JM Financial Ltd., SBI Capital Markets Ltd., Axis Capital Ltd.",,,,,1326.13,21.75,,,,,,,10.96,7.09,
Rajputana Stainless Ltd,0.0,-7.35,0.08,-15.59,5.25,NORMAL,,,20,Nirbhay Capital,0,Tier-2 Neutral,0.0000,1.0000,254.98,20.88,,,30.17,,,Steel/Stainless,2.50,1.06,12.83
Vishal Mega Mart Ltd.,33.33333333333333,7.63,10.0,2.54,4.97,,,,65,"Kotak Mahindra Capital Co.Ltd., ICICI Securities Ltd., JP Morgan India Pvt.Ltd., Morgan Stanley India Co.Pvt.Ltd., Intensive Fiscal Services Pvt.Ltd., Jefferies India Pvt.Ltd.",,,,,8000.00,69.19,,,,,,,34.65,20.42,
Syrma SGS Technology Ltd.,18.181818181818183,19.42,20.0,14.6,4.88,,,,60,"ICICI Securities Ltd., Dam Capital Advisors Ltd., IIFL Capital Services Ltd.",,,,,840.13,,,,7.83,,,,39.83,24.10,
Sai Silks (Kalamandir) Ltd.,4.054054054054054,6.02,6.93,1.99,4.74,,,,45,"Motilal Oswal Investment Advisors Ltd., HDFC Bank Ltd., Nuvama Wealth Management Ltd.",,,,,1201.00,34.91,,,27.96,,,,5.51,3.45,
Shriram Properties,-23.728813559322035,10.67,18.22,-11.11,4.67,NORMAL,,,63,"ICICI Securities Ltd., Nomura Financial Advisory & Securities (India) Pvt.Ltd., Axis Capital Ltd.",0,Tier-2 Neutral,0.0000,1.0000,600.04,35.17,,,,,,Unknown,1.37,2.20,31.64
Smartworks Coworking Spaces Limite,6.87960687960688,2.31,7.87,-2.25,4.6,NORMAL,,,65,"Kotak Mahindra Capital Co.Ltd., JM Financial Ltd., BOB Capital Markets Ltd., IIFL Capital Services Ltd.",0,Tier-2 Neutral,0.0000,1.0000,582.56,35.34,,,,,,Coworking,10.59,10.03,26.71
Vijaya Diagnostic Centre Ltd.,1.694915254237288,14.83,20.0,6.56,4.57,,,,65,"Kotak Mahindra Capital Co.Ltd., ICICI Securities Ltd., Edelweiss Financial Services Ltd.",,,,,1894.43,,,,,,,,5.84,3.29,
Waaree Energies Ltd.,66.33399866932801,-6.44,4.98,19.62,4.31,,,,73,"SBI Capital Markets Ltd., Intensive Fiscal Services Pvt.Ltd., IIFL Capital Services Ltd., Nomura Financial Advisory & Securities (India) Pvt.Ltd., Jefferies India Pvt.Ltd., Axis Capital Ltd., ITI Capital Ltd.",,,,,4321.44,26.76,,,8.79,,,,86.51,55.98,
Belrise Industries Limited,11.11111111111111,-2.59,2.4,-2.79,4.1,NORMAL,,,65,"SBI Capital Markets Ltd., HSBC Securities & Capital Markets (India) Pvt.Ltd., Jefferies India Pvt.Ltd., Axis Capital Ltd.",0,Tier-2 Neutral,0.0000,1.0000,2150.00,24.47,,,,,,Auto Components,0.98,8.15,32.77
J.G.Chemicals Ltd.,-5.429864253393665,-11.58,2.27,-10.19,4.09,,,,30,"Keynote Financial Services Ltd., Centrum Capital Ltd., Emkay Global Financial Services Ltd.",,,,,251.19,20.08,,,8.2,,,,13.41,20.02,
Samhi Hotels,6.746031746031746,6.62,9.0,11.41,4.05,NORMAL,,,65,"Kotak Mahindra Capital Co.Ltd., JM Financial Ltd.",0,Tier-2 Neutral,0.0000,1.0000,1370.10,33.40,,,,,,Unknown,4.32,3.54,13.19
Udayshivakumar Infra,-14.285714285714285,5.0,5.0,6.33,4.0,NORMAL,,,55,Saffron Capital Advisors Pvt.Ltd.,0,Tier-2 Neutral,0.0000,1.0000,66.00,21.98,,,17.78,,,Unknown,40.11,32.20,37.8
Dr.Agarwal's Health Care Ltd.,0.0,-0.09,2.71,1.21,3.98,,,,65,"Kotak Mahindra Capital Co.Ltd., Motilal Oswal Investment Advisors Ltd., Morgan Stanley India Co.Pvt.Ltd., Jefferies India Pvt.Ltd.",,,,,3027.26,160.48,,,9.33,,,,2.48,1.39,
Shringar House of Mangalsutra Ltd,14.242424242424242,-1.92,1.33,0.6,3.98,NORMAL,,,65,Choice Capital Advisors Pvt.Ltd.,0,Tier-2 Neutral,0.0000,1.0000,400.95,26.04,,,,,,Jewellery Retail,41.17,42.24,36.4
Delhivery,1.68377823408624,8.31,14.88,7.08,3.73,NORMAL,,,81,"Kotak Mahindra Capital Co.Ltd., BOFA Securities India Ltd., Citigroup Global Markets India Pvt.Ltd., Morgan Stanley India Co.Pvt.Ltd.",0,Tier-2 Neutral,0.0000,1.0000,5235.00,21.57,,,,,,Logistics,1.73,1.33,20.5
IKIO Lighting,37.719298245614034,2.89,8.92,17.91,3.68,NORMAL,,,45,Motilal Oswal Investment Advisors Ltd.,0,Tier-2 Neutral,0.0000,1.0000,606.50,35.24,,,36.0,,,LED/Lighting,66.57,47.28,24.04
TVS Supply Chain Solutions Ltd.,5.1015228426396,-2.92,0.75,-3.26,3.43,,,,65,"JM Financial Ltd., JP Morgan India Pvt.Ltd., Axis Capital Ltd., Equirus Capital Ltd., BNP Paribas, Nuvama Wealth Management Ltd.",,,,,880.00,,,,5.5,,,,1.16,1.98,
Vishnu Prakash R.Punglia Ltd.,66.66666666666666,-11.7,0.0,-7.45,3.39,,,,65,"Pantomath Capital Advisors Pvt.Ltd., Choice Capital Advisors Pvt.Ltd.",,,,,308.61,,,,,,,,69.20,61.76,
Sri Lotus Developers & Realty Ltd,18.666666666666668,9.93,10.0,9.57,3.33,NORMAL,,,60,"Motilal Oswal Investment Advisors Ltd., Monarch Networth Capital Ltd.",0,Tier-2 Neutral,0.0000,1.0000,792.00,32.17,,,24.39,,,Real Estate,70.76,51.87,19.87
Shadowfax Technologies Ltd,-9.193548387096778,-2.33,6.28,-1.35,3.3,NORMAL,,,60,ICICI Securities,0,Tier-2 Neutral,0.0000,1.0000,1907.27,170.39,,,,,,Logistics Tech,2.22,2.02,34.5
Lenskart Solutions Ltd,-1.7412935323383085,2.05,4.75,9.23,3.27,NORMAL,,,65,"Kotak Mahindra Capital Co.Ltd., Citigroup Global Markets India Pvt.Ltd., Morgan Stanley India Co.Pvt.Ltd., Intensive Fiscal Services Pvt.Ltd., Avendus Capital Pvt.Ltd., Axis Capital Ltd.",0,Tier-2 Neutral,0.0000,1.0000,7278.02,284.96,,,-106.0,,,D2C/Eyewear,16.74,16.01,42.73
JNK India,49.63855421686747,11.84,14.65,3.05,3.23,NORMAL,,,60,"ICICI Securities Ltd., IIFL Capital Services Ltd.",0,Tier-2 Neutral,0.0000,1.0000,649.47,37.46,,,31.79,,,Heat Exchangers,31.58,20.24,25.68
Nephrocare Health Services Ltd,6.521739130434782,-3.83,1.84,-2.98,3.11,NORMAL,,,63,"ICICI Securities Ltd., IIFL Capital Services Ltd., Nomura Financial Advisory & Securities (India) Pvt.Ltd., Ambit Pvt.Ltd.",0,Tier-2 Neutral,0.0000,1.0000,871.05,162.19,,,13.45,,,Healthcare,11.29,10.12,20.02
Aptus Value Housing Finance,-5.6657223796034,4.17,6.55,10.95,3.02,NORMAL,,,65,"Kotak Mahindra Capital Co.Ltd., ICICI Securities Ltd., Citigroup Global Markets India Pvt.Ltd., Edelweiss Financial Services Ltd.",0,Tier-2 Neutral,0.0000,1.0000,2780.05,41.19,,,,,,Unknown,13.58,12.06,58.76
SBFC Finance,43.859649122807014,12.44,16.4,7.07,2.8,NORMAL,,,65,"Kotak Mahindra Capital Co.Ltd., ICICI Securities Ltd., Axis Capital Ltd.",0,Tier-2 Neutral,0.0000,1.0000,1025.00,24.66,,,9.93,,,NBFC,82.00,52.23,18.61
Aequs Ltd,12.903225806451612,8.06,12.14,13.43,2.4,NORMAL,,,65,"Kotak Mahindra Capital Co.Ltd., JM Financial Ltd., IIFL Capital Services Ltd.",0,Tier-2 Neutral,0.0000,1.0000,921.81,-244.92,,,-14.3,,,Aerospace/Defense,49.72,57.41,51.77
Yatra Online,-10.211267605633804,6.59,8.67,8.24,1.92,NORMAL,,,60,"SBI Capital Markets Ltd., Dam Capital Advisors Ltd., IIFL Capital Services Ltd.",0,Tier-2 Neutral,0.0000,1.0000,775.00,289.80,,,18.1,,,Unknown,1.46,1.37,55.88
Shanti Gold International Ltd,14.346733668341713,0.8,4.75,5.42,1.82,NORMAL,,,65,Choice Capital Advisors Pvt.Ltd.,0,Tier-2 Neutral,0.0000,1.0000,360.11,25.69,,,,,,Jewellery,47.35,57.04,53.38
DOMS Industries,77.21518987341773,-5.28,2.43,-9.06,1.8,NORMAL,,,60,"ICICI Securities Ltd., JM Financial Ltd., IIFL Capital Services Ltd., BNP Paribas",0,Tier-2 Neutral,0.0000,1.0000,1200.00,27.66,,,33.54,,,Stationery/Consumer,49.34,54.19,26.92
Midwest Ltd,9.389671361502346,-2.1,2.15,-1.18,1.63,NORMAL,,,48,"Motilal Oswal Investment Advisors Ltd., Dam Capital Advisors Ltd., Intensive Fiscal Services Pvt.Ltd.",0,Tier-2 Neutral,0.0000,1.0000,451.10,39.49,,,19.42,,,Industrial,59.13,64.34,50.16
Meesho Ltd,46.3963963963964,4.67,9.22,33.13,1.48,NORMAL,,,65,"Kotak Mahindra Capital Co.Ltd., JP Morgan India Pvt.Ltd., Citigroup Global Markets India Pvt.Ltd., Morgan Stanley India Co.Pvt.Ltd., Axis Capital Ltd.",0,Tier-2 Neutral,0.0000,1.0000,5421.20,-35.75,,,,,,Ecommerce,49.97,45.28,22.5
Indiqube Spaces Ltd,-8.860759493670885,0.91,3.23,-6.05,1.37,NORMAL,,,60,"ICICI Securities Ltd., JM Financial Ltd.",0,Tier-2 Neutral,0.0000,1.0000,700.00,44.00,,,-2.19,,,Coworking/Real Estate,6.68,7.63,57.65
Indigo Paints,75.0,19.55,20.0,3.73,1.27,NORMAL,,,65,"Kotak Mahindra Capital Co.Ltd., ICICI Securities Ltd., Edelweiss Financial Services Ltd.",0,Tier-2 Neutral,0.0000,1.0000,1169.12,20.07,,,,,,Paints,76.50,81.62,12.72
Stove Kraft,29.35064935064935,-10.45,0.0,1.71,1.02,NORMAL,,,60,"JM Financial Ltd., Edelweiss Financial Services Ltd.",0,Tier-2 Neutral,0.0000,1.0000,412.62,40.32,,,,,,Unknown,3.86,9.75,55.54
Orient Technologies Ltd.,27.087378640776706,5.0,5.0,10.1,0.65,,,,65,Elara Capital (India) Pvt.Ltd.,,,,,214.76,20.70,,,27.26,,,,75.42,106.39,
Chemplast Sanmar,1.6635859519408502,-2.62,0.0,4.75,0.39,NORMAL,,,68,"ICICI Securities Ltd., BOB Capital Markets Ltd., IIFL Capital Services Ltd., HDFC Bank Ltd., Credit Suisse Securities (India) Pvt.Ltd., Axis Capital Ltd., Ambit Pvt.Ltd., YES Securities (India) Ltd., Indusind Bank Ltd.",0,Tier-2 Neutral,0.0000,1.0000,3850.00,38.55,,,,,,Unknown,1.72,1.61,22.39
Euro Pratik Sales Ltd,10.161943319838066,-8.72,2.17,-8.57,0.37,NORMAL,,,60,"Dam Capital Advisors Ltd., Axis Capital Ltd.",0,Tier-2 Neutral,0.0000,1.0000,451.31,33.02,,,39.18,,,Steel/Metal,1.13,1.29,25.64
Craftsman Automation,-8.791946308724832,5.64,9.64,4.85,0.01,NORMAL,,,60,"IIFL Capital Services Ltd., Axis Capital Ltd.",0,Tier-2 Neutral,0.0000,1.0000,823.70,26.77,,,,,,Unknown,2.70,2.64,30.15
Amanta Healthcare Ltd,7.142857142857142,5.0,5.0,5.1,-0.01,NORMAL,,,78,Beeline Capital Advisors Pvt.Ltd.,0,Tier-2 Neutral,0.0000,1.0000,126.00,46.59,,,12.42,,,Pharma/Healthcare,14.80,57.53,44.26
Schloss Bangalore Limited,-6.666666666666667,7.28,8.1,7.08,-0.21,NORMAL,,,81,"Kotak Mahindra Capital Co.Ltd., JM Financial Ltd., JP Morgan India Pvt.Ltd., SBI Capital Markets Ltd., BOFA Securities India Ltd., Citigroup Global Markets India Pvt.Ltd., Motilal Oswal Investment Advisors Ltd., Morgan Stanley India Co.Pvt.Ltd., IIFL Capital Services Ltd., Axis Capital Ltd.",0,Tier-2 Neutral,0.0000,1.0000,3500.00,213.09,,,,,,Hotels/Luxury,3.74,3.05,26.26
Om Power Transmission Ltd,6.2857142857142865,3.97,5.0,6.87,-0.42,NORMAL,,,78,Beeline Capital,0,Tier-2 Neutral,0.0000,1.0000,150.06,19.23,,,35.83,,,Power EPC,2.08,2.63,25.3
Indian Railway Finance Corp.Ltd.,-4.230769230769236,-0.4,3.61,3.21,-1.0,,,,63,"ICICI Securities Ltd., SBI Capital Markets Ltd., HSBC Securities & Capital Markets (India) Pvt.Ltd., IDFC Bank Ltd.",,,,,4633.38,,,,,,,,2.14,2.43,
Apeejay Surrendra Park Hotels Ltd.,20.0,9.44,20.0,6.1,-1.05,,,,60,"ICICI Securities Ltd., JM Financial Ltd., Axis Capital Ltd.",,,,,920.00,72.05,,,,,,,32.47,35.19,
Bansal Wire Industries Ltd.,39.0625,-1.59,4.49,-1.57,-1.19,,,,60,"SBI Capital Markets Ltd., Dam Capital Advisors Ltd.",,,,,745.00,50.86,,,21.19,,,,62.01,44.08,
Tatva Chintan Pharma Chem,95.0,9.49,20.0,0.94,-1.26,NORMAL,,,60,"ICICI Securities Ltd., JM Financial Ltd.",0,WEAK,0.0000,1.0000,500.00,,,,,,,Specialty Chemicals,76.15,124.52,0.0
Indogulf Cropsciences Limited,0.0,-0.59,1.8,-2.35,-1.29,NORMAL,,,20,Systematix Corporate Services Ltd.,0,Tier-2 Neutral,0.0000,1.0000,200.00,24.27,,,12.2,,,Agro Chemicals,1.95,13.50,20.33
Fedbank Financial Services Ltd.,-1.4285714285714286,1.63,7.43,0.76,-1.34,,,,65,"ICICI Securities Ltd., JM Financial Ltd., Equirus Capital Ltd., BNP Paribas",,,,,1092.26,23.97,,,14.36,,,,2.03,1.85,
Tata Capital Ltd,1.2269938650306749,0.15,0.91,-1.41,-1.45,NORMAL,,,65,"Kotak Mahindra Capital Co.Ltd., ICICI Securities Ltd., JP Morgan India Pvt.Ltd., SBI Capital Markets Ltd., Citigroup Global Markets India Pvt.Ltd., HSBC Securities & Capital Markets (India) Pvt.Ltd., IIFL Capital Services Ltd., HDFC Bank Ltd., Axis Capital Ltd., BNP Paribas",0,WEAK,0.0000,1.0000,15511.87,33.24,,,12.6,,,NBFC/Tata Group,1.98,1.65,0.0
Inventurus Knowledge Solutions Ltd,42.964635063957864,3.2,6.89,5.56,-1.48,,,,65,"ICICI Securities Ltd., JM Financial Ltd., JP Morgan India Pvt.Ltd., Nomura Financial Advisory & Securities (India) Pvt.Ltd., Jefferies India Pvt.Ltd.",,,,,2497.92,54.66,,,32.0,,,,32.84,29.46,
Kalpataru Limited,0.0,4.58,9.37,3.83,-1.61,NORMAL,,,63,"ICICI Securities Ltd., JM Financial Ltd., Nomura Financial Advisory & Securities (India) Pvt.Ltd.",0,Tier-2 Neutral,0.0000,1.0000,1590.00,1160.05,,,,,,Real Estate,1.93,1.78,41.76
Abans Holdings,1.1111111111111112,-20.0,0.0,-30.37,-1.65,NORMAL,,,45,Aryaman Financial Services Ltd.,0,Tier-2 Neutral,0.7000,1.0000,345.60,42.96,,,9.0,,,Unknown,4.09,1.08,19.6
Tata Technologies,140.0,9.42,16.67,-1.19,-1.65,NORMAL,,,65,"Kotak Mahindra Capital Co.Ltd., ICICI Securities Ltd., JP Morgan India Pvt.Ltd., SBI Capital Markets Ltd., Citigroup Global Markets India Pvt.Ltd., HSBC Securities & Capital Markets (India) Pvt.Ltd., IIFL Capital Services Ltd., HDFC Bank Ltd., Axis Capital Ltd., BNP Paribas",0,Tier-2 Neutral,0.0000,1.0000,3042.51,28.82,,,,,,IT Services/Auto,81.79,51.18,15.41
Brainbees Solutions Ltd.,40.0,4.32,8.71,-3.64,-1.79,,,,81,"Kotak Mahindra Capital Co.Ltd., JM Financial Ltd., BOFA Securities India Ltd., Morgan Stanley India Co.Pvt.Ltd., Avendus Capital Pvt.Ltd.",,,,,4193.73,-75.09,,,,,,,8.32,7.17,
Ethos,-9.236902050113898,-2.66,1.81,-6.65,-1.83,NORMAL,,,20,"Emkay Global Financial Services Ltd., Incred Capital Financial Services Pvt.Ltd.",0,Tier-2 Neutral,0.0000,1.0000,402.26,41.69,,,,,,Unknown,1.37,1.06,25.38
Pine Labs Ltd,9.502262443438914,3.67,17.36,-2.43,-2.01,NORMAL,,,65,"JP Morgan India Pvt.Ltd., Citigroup Global Markets India Pvt.Ltd., Morgan Stanley India Co.Pvt.Ltd., Jefferies India Pvt.Ltd., Axis Capital Ltd.",0,Tier-2 Neutral,0.0000,1.0000,3900.17,1325.57,,,,,,Fintech/Payments,2.20,1.81,10.92
KSH International Ltd,-3.6458333333333335,-4.05,0.07,-3.35,-2.09,NORMAL,,,60,"ICICI Securities Ltd., Nuvama Wealth Management Ltd.",0,Tier-2 Neutral,0.0000,1.0000,626.35,28.68,,,22.77,,,Industrial,1.17,0.98,38.71
JSW Cement Ltd,4.421768707482993,-4.84,0.83,-0.25,-2.09,NORMAL,,,65,"Kotak Mahindra Capital Co.Ltd., JM Financial Ltd., SBI Capital Markets Ltd., Citigroup Global Markets India Pvt.Ltd., Dam Capital Advisors Ltd., Goldman Sachs (India) Securities Pvt.Ltd., Jefferies India Pvt.Ltd., Axis Capital Ltd.",0,Tier-2 Neutral,0.0000,1.0000,3600.00,-122.38,,,-6.9,,,Cement,7.30,6.03,27.43
PB Fintech Ltd.,17.346938775510203,4.55,8.6,5.64,-2.12,,,,65,"Kotak Mahindra Capital Co.Ltd., ICICI Securities Ltd., Citigroup Global Markets India Pvt.Ltd., Morgan Stanley India Co.Pvt.Ltd., IIFL Capital Services Ltd., HDFC Bank Ltd., Jefferies India Pvt.Ltd.",,,,,5709.71,,,,,,,,11.61,10.17,
LG Electronics India Ltd,50.00877192982456,-1.18,2.27,-2.39,-2.16,NORMAL,,,81,"JP Morgan India Pvt.Ltd., BOFA Securities India Ltd., Citigroup Global Markets India Pvt.Ltd., Morgan Stanley India Co.Pvt.Ltd., Axis Capital Ltd.",0,Tier-2 Neutral,0.0000,1.0000,11607.01,37.69,,,,,,Consumer Electronics,67.21,38.03,28.56
Nureca,53.75,5.0,5.0,7.14,-2.16,NORMAL,,,73,ITI Capital Ltd.,0,WEAK,0.0000,1.0000,100.00,,,,,,,Unknown,1.85,19.76,0.0
Hexaware Technologies Ltd.,5.296610169491525,2.29,5.7,10.88,-2.27,,,,65,"Kotak Mahindra Capital Co.Ltd., JP Morgan India Pvt.Ltd., Citigroup Global Markets India Pvt.Ltd., HSBC Securities & Capital Markets (India) Pvt.Ltd., IIFL Capital Services Ltd.",,,,,8750.00,,,,,,,,4.42,2.25,
Suraj Estate Developers Ltd.,-5.555555555555555,-1.62,4.25,-1.43,-2.34,,,,78,"Anand Rathi Advisors Ltd., ITI Capital Ltd.",,,,,400.00,49.81,,,58.18,,,,10.92,11.78,
Urban Co.Ltd.,57.52427184466019,2.82,10.32,8.1,-2.34,,,,65,"Kotak Mahindra Capital Co.Ltd., JM Financial Ltd., Morgan Stanley India Co.Pvt.Ltd., Goldman Sachs (India) Securities Pvt.Ltd.",,,,,1900.24,61.68,,,,,,,59.44,60.14,
IRM Energy,-5.4950495049504955,-0.86,1.35,-5.06,-2.48,NORMAL,,,48,"BOB Capital Markets Ltd., HDFC Bank Ltd.",0,Tier-2 Neutral,0.0000,1.0000,545.00,32.80,,,18.23,,,Unknown,18.33,19.30,10.28
Corona Remedies Ltd,38.4180790960452,-2.15,1.89,-7.86,-2.52,NORMAL,,,65,"Kotak Mahindra Capital Co.Ltd., JM Financial Ltd., IIFL Capital Services Ltd.",0,Tier-2 Neutral,0.0000,1.0000,655.37,35.15,,,27.5,,,Pharma,117.52,101.01,11.44
Interarch Building Products Ltd.,44.333333333333336,-7.95,1.22,-11.35,-2.63,,,,60,"Axis Capital Ltd., Ambit Pvt.Ltd.",,,,,600.29,17.36,,,19.4,,,,79.44,65.75,
Emcure Pharmaceuticals Ltd.,31.45337301587301,2.57,4.52,3.28,-2.67,,,,65,"Kotak Mahindra Capital Co.Ltd., JP Morgan India Pvt.Ltd., Jefferies India Pvt.Ltd., Axis Capital Ltd.",,,,,1952.03,36.07,,,16.9,,,,76.95,48.13,
Pace Digitek Ltd,2.73972602739726,-3.12,2.67,-4.55,-2.73,NORMAL,,,93,Unistone Capital Pvt.Ltd.,0,Tier-2 Neutral,0.0000,1.0000,819.15,16.94,,,23.09,,,EMS/Electronics,1.29,1.45,44.28
Vikran Engineering Ltd,2.0618556701030926,-3.32,2.8,7.12,-2.82,NORMAL,,,63,"Systematix Corporate Services Ltd., Pantomath Capital Advisors Pvt.Ltd.",0,Tier-2 Neutral,0.0000,1.0000,772.00,32.15,,,16.63,,,Industrial Engineering,8.67,17.53,52.51
PNGS Reva Diamond Jewellery Ltd,-2.849740932642487,9.79,15.47,4.04,-2.99,NORMAL,,,20,Smart Horizon Capital,0,Tier-2 Neutral,0.0000,1.0000,379.52,24.18,,,165.9,,,Jewellery,1.22,1.29,46.16
Krystal Integrated Services Ltd.,9.79020979020979,-9.19,1.12,1.8,-3.03,,,,40,Inga Ventures Pvt.Ltd.,,,,,300.12,24.30,,,11.71,,,,3.54,9.74,
Venus Pipes & Tubes Ltd.,3.52760736196319,4.99,4.99,-2.25,-3.11,,,,40,SMC Capitals Ltd.,,,,,165.42,,,,59.0,,,,5.36,9.56,
CMR Green Technologies Ltd.,39.58333333333333,-10.0,0.36,-11.68,-3.18,,,,65,Equirus Capital,,,,,630.62,19.42,,,0.11,,,,108.61,88.69,
Vikram Solar Ltd,1.8072289156626504,5.44,12.91,-1.82,-3.22,NORMAL,,,65,"UBS Securities India Pvt.Ltd., JM Financial Ltd., Equirus Capital Ltd., Nuvama Wealth Management Ltd., PhillipCapital India Pvt.Ltd.",0,Tier-2 Neutral,0.0000,1.0000,2079.37,85.88,,,16.57,,,Solar Manufacturing,58.56,39.73,42.67
Jana Small Finance Bank Ltd.,-4.3478260869565215,-7.03,3.28,16.83,-3.26,,,,60,"ICICI Securities Ltd., SBI Capital Markets Ltd., Axis Capital Ltd.",,,,,570.00,10.15,,,16.78,,,,16.59,13.94,
Harsha Engineers International,36.36363636363637,8.11,17.26,-3.19,-3.26,NORMAL,,,65,"JM Financial Ltd., Axis Capital Ltd., Equirus Capital Ltd.",0,WEAK,0.0000,1.0000,755.00,,,,17.0,,,Industrial Engineering,76.81,54.91,0.0
Unicommerce eSolutions Ltd.,117.59259259259258,-10.6,8.93,-2.98,-3.5,,,,60,"IIFL Capital Services Ltd., CLSA India Pvt.Ltd.",,,,,276.57,84.59,,,17.36,,,,55.83,93.66,
Vidya Wires Ltd,0.0,2.25,12.4,-0.12,-3.52,NORMAL,,,63,"IDBI Capital Markets & Securities Ltd., Pantomath Capital Advisors Pvt.Ltd.",0,Tier-2 Neutral,0.0000,1.0000,300.01,22.94,,,24.57,,,Cables/Wires,2.74,19.99,48.86
Kronox Lab Sciences Ltd.,21.286764705882344,-3.41,0.39,-7.48,-3.61,,,,63,Pantomath Capital Advisors Pvt.Ltd.,,,,,130.15,24.47,,,25.66,,,,35.53,82.62,
HMA Agro Industries Ltd.,-89.31623931623932,-6.32,6.72,-6.08,-3.68,,,,45,Aryaman Financial Services Ltd.,,,,,480.00,,,,,,,,1.35,1.48,
Vedant Fashions,7.967667436489608,-0.16,6.17,-8.56,-3.68,NORMAL,,,65,"Kotak Mahindra Capital Co.Ltd., ICICI Securities Ltd., Edelweiss Financial Services Ltd., IIFL Capital Services Ltd., Axis Capital Ltd.",0,Tier-2 Neutral,0.0000,1.0000,3149.19,34.75,,,,,,Unknown,3.61,1.99,24.17
Allied Blenders & Distillers Ltd.,13.87900355871886,-0.66,1.5,4.61,-3.69,,,,73,"ICICI Securities Ltd., ITI Capital Ltd., Nuvama Wealth Management Ltd.",,,,,1500.00,1393.87,,,0.39,,,,21.76,17.61,
GNG Electronics Ltd,49.789029535864984,-6.09,1.24,-12.94,-3.72,NORMAL,,,60,"JM Financial Ltd., Motilal Oswal Investment Advisors Ltd., IIFL Capital Services Ltd.",0,Tier-2 Neutral,0.0000,1.0000,460.43,39.14,,,30.4,,,Consumer Electronics/Refurb,110.35,107.66,14.4
Travel Food Services Limited,2.272727272727273,-4.46,0.44,1.94,-3.91,NORMAL,,,65,"Kotak Mahindra Capital Co.Ltd., ICICI Securities Ltd., HSBC Securities & Capital Markets (India) Pvt.Ltd., Batlivala & Karani Securities India Pvt.Ltd.",0,Tier-2 Neutral,0.0000,1.0000,2000.00,38.15,,,35.47,,,Airport/Food Services,3.83,2.40,21.11
Uniparts,-4.506065857885615,-6.14,0.35,1.71,-3.92,NORMAL,,,60,"JM Financial Ltd., Dam Capital Advisors Ltd., Axis Capital Ltd.",0,Tier-2 Neutral,0.0000,1.0000,835.61,33.42,,,26.8,,,Unknown,26.93,17.98,54.47
Manba Finance Ltd.,20.833333333333336,5.0,5.0,-6.01,-4.09,,,,68,Hem Securities Ltd.,,,,,150.84,19.19,,,21.36,,,,58.00,154.70,
Denta Water & Infra Solutions Ltd.,10.54421768707483,5.0,5.0,-1.42,-4.09,,,,40,SMC Capitals Ltd.,,,,,220.50,16.22,,,36.36,,,,94.71,154.40,
WeWork India Management Ltd,0.30864197530864196,-3.28,0.02,-0.58,-4.23,NORMAL,,,65,"Kotak Mahindra Capital Co.Ltd., ICICI Securities Ltd., JM Financial Ltd., Jefferies India Pvt.Ltd., 360 One WAM Ltd.",0,Tier-2 Neutral,0.0000,1.0000,3000.00,67.75,,,,,,Coworking/Real Estate,1.33,1.09,59.81
Latent View Analytics,160.00000000000003,-4.58,6.99,28.16,-4.25,NORMAL,,,80,"ICICI Securities Ltd., Axis Capital Ltd., Haitong Securities India Pvt.Ltd.",0,Tier-2 Neutral,0.0000,1.0000,600.00,39.12,,,,,,Data Analytics,60.57,185.32,49.93
ASK Automotive,7.553191489361706,2.24,4.42,-4.09,-4.48,NORMAL,,,60,"ICICI Securities Ltd., JM Financial Ltd., IIFL Capital Services Ltd., Axis Capital Ltd.",0,Tier-2 Neutral,0.0000,1.0000,833.91,39.89,,,,,,Unknown,57.55,36.03,16.95
Ganesh Consumer Products Ltd,-8.05900621118012,-0.59,4.27,-1.27,-4.61,NORMAL,,,60,"Motilal Oswal Investment Advisors Ltd., Dam Capital Advisors Ltd., IIFL Capital Services Ltd.",0,Tier-2 Neutral,0.0000,1.0000,408.80,36.72,,,15.81,,,FMCG,2.39,2.23,24.81
Park Medi World Ltd,-1.9753086419753016,-6.83,4.45,-6.57,-4.65,NORMAL,,,48,"Dam Capital Advisors Ltd., Intensive Fiscal Services Pvt.Ltd., CLSA India Pvt.Ltd., Nuvama Wealth Management Ltd.",0,Tier-2 Neutral,0.0000,1.0000,920.00,25.14,,,20.68,,,Healthcare,5.58,6.25,41.95
Cello World,27.9320987654321,-4.5,1.01,-4.21,-4.7,NORMAL,,,65,"Kotak Mahindra Capital Co.Ltd., ICICI Securities Ltd., JM Financial Ltd., Motilal Oswal Investment Advisors Ltd., IIFL Capital Services Ltd.",0,Tier-2 Neutral,0.0000,1.0000,1900.00,41.51,,,39.9,,,Unknown,49.78,29.50,44.28
India Pesticides,18.243243243243242,-1.96,5.14,-2.87,-4.74,NORMAL,,,60,"JM Financial Ltd., Axis Capital Ltd.",0,Tier-2 Neutral,0.0000,1.0000,800.00,36.77,,,,,,Unknown,18.11,20.38,30.71
Gaudium IVF & Women Health Ltd.,5.063291139240507,-3.3,5.0,-11.34,-5.06,,,,40,Sarthi Capital Advisors,,,,,165.00,22.99,,,41.31,,,,1.23,5.23,
Studds Accessories Ltd,-3.418803418803419,-0.83,3.54,-2.2,-5.14,NORMAL,,,60,"ICICI Securities Ltd., IIFL Capital Services Ltd.",0,Tier-2 Neutral,0.0000,1.0000,455.49,28.43,,,16.64,,,Auto Accessories,64.55,51.31,36.71
PhysicsWallah Ltd,33.02752293577982,7.06,11.72,-6.49,-5.24,NORMAL,,,65,"Kotak Mahindra Capital Co.Ltd., JP Morgan India Pvt.Ltd., Goldman Sachs (India) Securities Pvt.Ltd., Axis Capital Ltd.",0,Tier-2 Neutral,0.0000,1.0000,3480.00,-62.06,,,,,,EdTech,1.75,1.49,43.98
Blue Jet Healthcare,9.826589595375722,8.79,9.99,6.66,-5.24,NORMAL,,,65,"Kotak Mahindra Capital Co.Ltd., ICICI Securities Ltd., JP Morgan India Pvt.Ltd.",0,Tier-2 Neutral,0.0000,1.0000,840.27,34.02,,,26.6,,,Unknown,6.20,5.91,27.43
Electronics Mart,52.54237288135594,-6.11,1.11,-4.72,-5.28,NORMAL,,,78,"JM Financial Ltd., Anand Rathi Advisors Ltd., IIFL Capital Services Ltd.",0,WEAK,0.0000,1.0000,500.00,,,,17.42,,,Consumer Electronics Retail,71.85,53.08,0.0
Happy Forgings,17.647058823529413,3.08,8.74,1.59,-5.4,NORMAL,,,65,"JM Financial Ltd., Motilal Oswal Investment Advisors Ltd., Axis Capital Ltd., Equirus Capital Ltd.",0,Tier-2 Neutral,0.0000,1.0000,1008.59,33.56,,,21.12,,,Unknown,86.32,57.89,30.95
Hyundai Motor,-1.3265306122448979,-5.92,1.86,-9.07,-5.61,NORMAL,,,65,"Kotak Mahindra Capital Co.Ltd., JP Morgan India Pvt.Ltd., Citigroup Global Markets India Pvt.Ltd., Morgan Stanley India Co.Pvt.Ltd., HSBC Securities & Capital Markets (India) Pvt.Ltd.",0,Tier-2 Neutral,100.0000,0.0000,27858.75,26.73,,,,,,Auto/OEM,3.40,1.93,19.03
Jinkushal Industries Ltd,3.3057851239669422,-2.67,1.56,-11.49,-5.81,NORMAL,,,25,GYR Capital Advisors Pvt.Ltd.,0,Tier-2 Neutral,0.0000,1.0000,116.15,24.26,,,28.3,,,Steel/Metal,14.64,45.54,10.46
Tamilnad Mercantile Bank,-2.941176470588235,2.96,4.04,-0.26,-5.83,NORMAL,,,60,"SBI Capital Markets Ltd., Motilal Oswal Investment Advisors Ltd., Axis Capital Ltd.",0,Tier-2 Neutral,0.0000,1.0000,807.84,43.00,,,16.58,,,Unknown,1.26,1.98,32.78
KRN Heat Exchanger & Refrigeration,118.18181818181819,-0.25,6.98,-4.01,-5.98,,,,80,Holani Consultants Pvt.Ltd.,,,,,341.95,33.52,,,40.86,,,,102.40,151.95,
Azad Engineering,37.404580152671755,-5.9,0.97,-8.18,-6.09,NORMAL,,,78,"ICICI Securities Ltd., SBI Capital Markets Ltd., Anand Rathi Advisors Ltd., Axis Capital Ltd.",0,Tier-2 Neutral,0.0000,1.0000,740.00,57.58,,,4.2,,,Unknown,72.25,57.77,27.89
eMudhra,5.46875,-4.48,3.33,-5.43,-6.11,NORMAL,,,60,"IIFL Capital Services Ltd., YES Securities (India) Ltd., Indorient Financial Services Ltd.",0,Tier-2 Neutral,0.0000,1.0000,412.79,36.00,,,24.2,,,Unknown,2.17,1.70,46.92
ESAF Small Finance Bank Ltd.,18.333333333333332,-2.75,5.35,-3.1,-6.13,,,,60,"ICICI Securities Ltd., Dam Capital Advisors Ltd., Nuvama Wealth Management Ltd.",,,,,463.00,5.94,,,,,,,73.45,54.68,
Globe Civil Projects Limited,26.76056338028169,4.96,5.0,-14.73,-6.39,NORMAL,,,68,Mefcom Capital Markets Ltd.,0,Tier-2 Neutral,0.0000,1.0000,119.00,17.88,,,21.95,,,Infrastructure EPC,40.66,60.06,11.75
Radiant Cash Management Services L,5.1170212765957475,1.85,13.4,0.0,-6.41,,,,60,"Motilal Oswal Investment Advisors Ltd., IIFL Capital Services Ltd., YES Securities (India) Ltd.",,,,,256.64,,,,27.34,,,,1.68,1.10,
India Shelter Finance Corp.Ltd.,25.760649087221093,-12.15,1.61,-14.31,-6.46,,,,65,"Kotak Mahindra Capital Co.Ltd., ICICI Securities Ltd., Citigroup Global Markets India Pvt.Ltd., Ambit Pvt.Ltd.",,,,,1200.00,24.58,,,13.4,,,,38.26,27.12,
Akme Fintrade (India) Ltd.,-89.41666666666667,5.04,5.04,-10.55,-6.46,,,,40,Gretex Corporate Services Ltd.,,,,,132.00,,,,5.64,,,,11.68,39.44,
Hariom Pipe Industries Ltd.,43.790849673202615,5.0,5.0,-3.93,-6.57,,,,73,ITI Capital Ltd.,,,,,130.05,,,,21.38,,,,1.87,5.37,
Vraj Iron & Steel Ltd.,15.942028985507244,5.0,5.0,0.05,-6.67,,,,45,Aryaman Financial Services Ltd.,,,,,171.00,11.49,,,23.78,,,,69.92,88.33,
Bajaj Housing Finance Ltd.,114.28571428571428,10.0,10.0,7.75,-6.73,,,,81,"Kotak Mahindra Capital Co.Ltd., JM Financial Ltd., SBI Capital Markets Ltd., BOFA Securities India Ltd., IIFL Capital Services Ltd., Goldman Sachs (India) Securities Pvt.Ltd., Axis Capital Ltd.",,,,,6560.00,30.20,,,,,,,89.67,49.63,
P N Gadgil Jewellers Ltd.,72.91666666666666,-4.42,2.17,-2.61,-6.81,,,,48,"Motilal Oswal Investment Advisors Ltd., BOB Capital Markets Ltd., Nuvama Wealth Management Ltd.",,,,,1100.00,42.20,,,28.88,,,,58.18,44.13,
Tarsons Products,3.0211480362537766,20.0,20.0,-2.92,-6.88,NORMAL,,,60,"ICICI Securities Ltd., SBI Capital Markets Ltd., Edelweiss Financial Services Ltd.",0,Tier-2 Neutral,0.0000,1.0000,1023.54,37.68,,,,,,Unknown,46.90,53.86,41.86
G R Infraprojects,104.99999999999999,1.82,7.12,0.58,-6.92,NORMAL,,,65,"Kotak Mahindra Capital Co.Ltd., ICICI Securities Ltd., SBI Capital Markets Ltd., Motilal Oswal Investment Advisors Ltd., HDFC Bank Ltd., Equirus Capital Ltd.",0,Tier-2 Neutral,0.0000,1.0000,962.37,26.53,,,,,,Infrastructure EPC,68.18,72.11,24.14
Campus Activewear Ltd.,23.28767123287671,5.25,16.11,-9.31,-7.0,,,,81,"Kotak Mahindra Capital Co.Ltd., JM Financial Ltd., BOFA Securities India Ltd., CLSA India Pvt.Ltd.",,,,,1399.77,,,,8.99,,,,61.38,35.95,
Ratnaveer Precision Engineering,25.71428571428572,4.99,4.99,-7.79,-7.22,NORMAL,,,93,Unistone Capital Pvt.Ltd.,0,Tier-2 Neutral,0.0000,1.0000,165.03,18.99,,,29.12,,,Unknown,53.61,65.42,42.7
Mukka Proteins Ltd.,42.857142857142854,5.62,5.62,-10.62,-7.38,,,,40,Fedex Securities Pvt.Ltd.,,,,,224.00,12.73,,,36.71,,,,76.64,95.35,
Shreeji Shipping Global Ltd,7.142857142857142,-5.52,1.85,-6.28,-7.43,NORMAL,,,78,"Elara Capital (India) Pvt.Ltd., Beeline Capital Advisors Pvt.Ltd.",0,Tier-2 Neutral,0.0000,1.0000,410.71,29.07,,,42.91,,,Logistics,44.82,40.85,19.13
All Time Plastics Ltd,13.200000000000003,-8.99,4.4,1.27,-7.47,NORMAL,,,48,"Dam Capital Advisors Ltd., Intensive Fiscal Services Pvt.Ltd.",0,Tier-2 Neutral,0.0000,1.0000,400.60,38.09,,,19.01,,,Plastics,4.76,6.28,17.29
Rainbow Children's Medicare Ltd.,-5.904059040590406,-11.73,1.55,-17.56,-7.55,,,,65,"Kotak Mahindra Capital Co.Ltd., JP Morgan India Pvt.Ltd., IIFL Capital Services Ltd.",,,,,1580.85,,,,8.82,,,,16.13,8.82,
Senco Gold,-32.17665615141956,-5.74,3.26,-12.79,-7.63,NORMAL,,,60,"SBI Capital Markets Ltd., IIFL Capital Services Ltd., Ambit Pvt.Ltd.",0,Tier-2 Neutral,0.0000,1.0000,405.00,29.46,,,18.9,,,Unknown,76.81,54.13,37.82
HDB Financial Services Limited,12.837837837837837,0.71,1.96,0.67,-7.98,NORMAL,,,81,"UBS Securities India Pvt.Ltd., JM Financial Ltd., BOFA Securities India Ltd., Motilal Oswal Investment Advisors Ltd., Morgan Stanley India Co.Pvt.Ltd., HSBC Securities & Capital Markets (India) Pvt.Ltd., IIFL Capital Services Ltd., Nomura Financial Advisory & Securities (India) Pvt.Ltd., Goldman Sachs (India) Securities Pvt.Ltd., Jefferies India Pvt.Ltd., BNP Paribas, Nuvama Wealth Management Ltd.",0,Tier-2 Neutral,0.0000,1.0000,12500.00,28.15,,,14.72,,,NBFC/HDFC,24.05,13.07,27.33
Ventive Hospitality Ltd.,11.35303265940902,-1.63,4.61,-0.5,-8.25,,,,65,"Kotak Mahindra Capital Co.Ltd., ICICI Securities Ltd., JM Financial Ltd., SBI Capital Markets Ltd., HSBC Securities & Capital Markets (India) Pvt.Ltd., IIFL Capital Services Ltd., Axis Capital Ltd.",,,,,1600.00,-54.48,,,,,,,4.43,6.12,
INOX India,43.88636363636363,-1.02,4.25,-7.06,-8.32,NORMAL,,,60,"ICICI Securities Ltd., Axis Capital Ltd.",0,Tier-2 Neutral,0.0000,1.0000,1459.32,29.00,,,27.79,,,Industrial Gases,59.58,42.84,38.17
Gandhar Oil Refinery (India) Ltd.,76.33136094674556,1.14,15.45,-8.81,-8.41,,,,60,"ICICI Securities Ltd., Nuvama Wealth Management Ltd.",,,,,500.69,6.16,,,32.28,,,,52.11,45.99,
Netweb Technologies India,89.4,-3.86,0.53,-5.99,-8.63,NORMAL,,,65,"IIFL Capital Services Ltd., Equirus Capital Ltd.",0,WEAK,0.0000,1.0000,631.00,37.97,,,68.01,,,IT Infrastructure,88.64,63.41,0.0
Ceigall India Ltd.,4.488778054862843,-7.7,1.38,-6.25,-8.97,,,,60,"ICICI Securities Ltd., JM Financial Ltd., IIFL Capital Services Ltd.",,,,,1252.66,22.91,,,33.57,,,,13.13,10.14,
Fractal Analytics Ltd,-2.666666666666667,-3.29,2.43,-4.11,-9.1,NORMAL,,,65,Kotak Mahindra Capital,0,Tier-2 Neutral,0.0000,1.0000,2833.90,109.12,,,,,,Data Analytics/AI,2.38,2.01,43.8
Updater Services,-5.0,-0.39,4.79,2.02,-9.19,NORMAL,,,60,"SBI Capital Markets Ltd., Motilal Oswal Investment Advisors Ltd., IIFL Capital Services Ltd.",0,Tier-2 Neutral,0.0000,1.0000,640.00,57.80,,,9.4,,,Unknown,2.44,2.10,59.85
Star Health & Allied Insurance Co.,-6.111111111111111,7.32,11.24,-3.04,-9.24,,,,81,"Kotak Mahindra Capital Co.Ltd., ICICI Securities Ltd., SBI Capital Markets Ltd., BOFA Securities India Ltd., Citigroup Global Markets India Pvt.Ltd., Dam Capital Advisors Ltd., IIFL Capital Services Ltd., Credit Suisse Securities (India) Pvt.Ltd., Jefferies India Pvt.Ltd., Axis Capital Ltd., Ambit Pvt.Ltd., CLSA India Pvt.Ltd.",,,,,6018.68,,,,,,,,1.01,0.95,
Sapphire Foods,-77.11864406779661,-10.26,2.22,-17.52,-9.37,NORMAL,,,81,"ICICI Securities Ltd., JM Financial Ltd., BOFA Securities India Ltd., IIFL Capital Services Ltd.",0,Tier-2 Neutral,0.0000,1.0000,2073.25,27.47,,,,,,Unknown,3.64,3.86,32.04
Borana Weaves Limited,12.5,5.0,5.0,-9.96,-9.37,NORMAL,,,78,Beeline Capital Advisors Pvt.Ltd.,0,Tier-2 Neutral,0.0000,1.0000,144.89,14.73,,,49.45,,,Textiles,35.27,81.31,26.14
Wakefit Innovations Ltd,0.0,-1.39,4.36,-4.27,-9.64,NORMAL,,,63,"IIFL Capital Services Ltd., Nomura Financial Advisory & Securities (India) Pvt.Ltd., Axis Capital Ltd.",0,Tier-2 Neutral,0.0000,1.0000,1288.89,89.58,,,-6.58,,,D2C/Furniture,1.82,1.82,49.07
Sansera Engineering,9.07258064516129,0.87,3.75,-0.13,-9.93,NORMAL,,,63,"ICICI Securities Ltd., IIFL Capital Services Ltd., Nomura Financial Advisory & Securities (India) Pvt.Ltd.",0,Tier-2 Neutral,0.0000,1.0000,1282.52,44.68,,,,,,Unknown,11.19,8.03,40.82
Kaynes Technology India,32.538330494037474,-11.32,1.03,-5.66,-9.95,NORMAL,,,60,"Dam Capital Advisors Ltd., IIFL Capital Services Ltd.",0,WEAK,0.0000,1.0000,857.82,24.87,,,24.5,,,EMS/Electronics,40.45,24.76,0.0
Avalon Technologies,0.0,-8.72,0.0,-10.09,-10.09,NORMAL,,,63,"JM Financial Ltd., Dam Capital Advisors Ltd., IIFL Capital Services Ltd., Nomura Financial Advisory & Securities (India) Pvt.Ltd.",0,Tier-2 Neutral,0.0000,1.0000,865.00,32.83,,,85.9,,,Unknown,2.12,1.73,35.77
Fujiyama Power Systems Ltd,-3.508771929824561,-5.25,5.0,-4.99,-10.33,NORMAL,,,60,"SBI Capital Markets Ltd., Motilal Oswal Investment Advisors Ltd.",0,Tier-2 Neutral,0.0000,1.0000,828.00,25.84,,,39.4,,,Solar/Power,2.72,1.84,14.99
Transrail Lighting Ltd.,36.574074074074076,-6.18,2.54,8.07,-10.5,,,,63,"IDBI Capital Markets & Securities Ltd., HDFC Bank Ltd., Axis Capital Ltd., Inga Ventures Pvt.Ltd.",,,,,838.91,28.02,,,24.41,,,,79.49,58.20,
Credo Brands Marketing Ltd.,-1.557142857142862,10.57,15.03,-0.55,-10.71,,,,60,"ICICI Securities Ltd., Keynote Financial Services Ltd., Dam Capital Advisors Ltd.",,,,,549.78,23.23,,,29.98,,,,43.39,36.35,
Keystone Realtors,2.5878003696857674,0.33,2.69,-2.5,-10.85,NORMAL,,,68,"Credit Suisse Securities (India) Pvt.Ltd., Axis Capital Ltd.",0,Tier-2 Neutral,0.0000,1.0000,635.00,36.15,,,,,,Unknown,2.36,1.79,46.29
Platinum Industries Ltd.,31.57894736842105,-1.69,5.0,-22.0,-11.11,,,,93,Unistone Capital Pvt.Ltd.,,,,,235.32,20.57,,,90.02,,,,61.19,69.40,
Glenmark Life Sciences,-16.145833333333336,-1.21,0.33,-6.71,-11.25,NORMAL,,,81,"Kotak Mahindra Capital Co.Ltd., SBI Capital Markets Ltd., BOFA Securities India Ltd., Dam Capital Advisors Ltd., BOB Capital Markets Ltd., Goldman Sachs (India) Securities Pvt.Ltd.",0,Tier-2 Neutral,0.0000,1.0000,1513.60,31.89,,,,,,Unknown,15.51,31.02,17.96
SRM Contractors Ltd.,2.5,4.99,4.99,-2.0,-11.27,,,,25,Interactive Financial Services Ltd.,,,,,130.20,17.15,,,,,,,23.91,60.21,
Data Patterns (India) Ltd.,46.33333333333333,-11.8,0.93,-11.23,-11.37,,,,60,"JM Financial Ltd., IIFL Capital Services Ltd.",,,,,588.22,,,,,,,,74.99,82.80,
Windlas Biotech,-5.0,-6.83,3.43,-20.09,-11.43,NORMAL,,,60,"SBI Capital Markets Ltd., Dam Capital Advisors Ltd., IIFL Capital Services Ltd.",0,Tier-2 Neutral,0.0000,1.0000,401.54,21.61,,,,,,Unknown,10.23,14.54,59.36
Gujarat Kidney & Super Speciality ,5.263157894736842,-12.88,2.5,-15.93,-11.53,,,,20,Nirbhay Capital Services Pvt.Ltd.,,,,,250.80,41.59,,,36.61,,,,1.18,3.42,
CarTrade Tech,-1.1248454882571102,-6.17,1.14,-10.28,-11.59,NORMAL,,,65,"Kotak Mahindra Capital Co.Ltd., Citigroup Global Markets India Pvt.Ltd., Nomura Financial Advisory & Securities (India) Pvt.Ltd., Axis Capital Ltd.",0,Tier-2 Neutral,0.0000,1.0000,2998.51,31.06,,,,,,Unknown,14.73,14.15,35.33
Ivalue Infosolutions Ltd,-4.698996655518398,-1.09,4.7,3.26,-11.62,NORMAL,,,60,"Motilal Oswal Investment Advisors Ltd., IIFL Capital Services Ltd.",0,Tier-2 Neutral,0.0000,1.0000,560.29,18.77,,,21.13,,,IT Distribution,1.98,1.59,19.25
Suraksha Diagnostic Ltd.,-0.6802721088435374,-4.74,2.51,-6.08,-11.76,,,,60,"ICICI Securities Ltd., SBI Capital Markets Ltd., Nuvama Wealth Management Ltd.",,,,,846.25,74.89,,,14.09,,,,1.31,1.17,
Rolex Rings,-86.11111111111111,-6.64,1.04,-11.52,-11.92,NORMAL,,,65,"JM Financial Ltd., IDBI Capital Markets & Securities Ltd., Equirus Capital Ltd.",0,Tier-2 Neutral,0.0000,1.0000,731.00,43.87,,,,,,Unknown,57.88,89.88,41.81
Tenneco Clean Air India Ltd,27.204030226700255,-2.81,2.38,-2.82,-12.09,NORMAL,,,63,"JM Financial Ltd., Citigroup Global Markets India Pvt.Ltd., HSBC Securities & Capital Markets (India) Pvt.Ltd., Axis Capital Ltd.",0,WEAK,0.0000,1.0000,3600.00,23.83,,,42.65,,,Auto Components,70.45,43.47,0.0
Aditya Birla Sun Life AMC Ltd.,0.42134831460674155,-2.17,1.1,-5.05,-12.45,,,,81,"Kotak Mahindra Capital Co.Ltd., ICICI Securities Ltd., JM Financial Ltd., SBI Capital Markets Ltd., BOFA Securities India Ltd., Citigroup Global Markets India Pvt.Ltd., Motilal Oswal Investment Advisors Ltd., IIFL Capital Services Ltd., HDFC Bank Ltd., Axis Capital Ltd., YES Securities (India) Ltd.",,,,,2768.26,,,,,,,,4.74,3.58,
Pyramid Technoplast,12.650602409638553,-5.0,0.53,-11.28,-12.65,NORMAL,,,40,"PNB Investment Services Ltd., First Overseas Capital Ltd.",0,Tier-2 Neutral,0.0000,1.0000,153.05,31.52,,,29.61,,,Unknown,4.69,14.98,59.86
Nazara Technologies,-77.40236148955495,-20.02,1.73,-17.12,-12.74,NORMAL,,,65,"ICICI Securities Ltd., IIFL Capital Services Ltd., Nomura Financial Advisory & Securities (India) Pvt.Ltd., Jefferies India Pvt.Ltd.",0,Tier-2 Neutral,0.0000,1.0000,582.69,38.35,,,,,,Unknown,42.30,96.29,14.08
Home First Finance Co.India Ltd.,19.45945945945945,-14.75,3.43,-10.63,-12.9,,,,68,"Kotak Mahindra Capital Co.Ltd., ICICI Securities Ltd., Credit Suisse Securities (India) Pvt.Ltd., Axis Capital Ltd.",,,,,1153.72,,,,,,,,21.91,18.62,
Rashi Peripherals Ltd.,9.163987138263666,-5.3,0.94,2.99,-13.03,,,,60,"ICICI Securities Ltd., JM Financial Ltd.",,,,,600.00,14.23,,,19.33,,,,61.02,44.25,
KFin Technologies,0.273224043715847,-0.86,1.63,-5.38,-13.79,NORMAL,,,65,"Kotak Mahindra Capital Co.Ltd., ICICI Securities Ltd., JP Morgan India Pvt.Ltd., IIFL Capital Services Ltd., Jefferies India Pvt.Ltd.",0,Tier-2 Neutral,0.0000,1.0000,1500.00,30.68,,,,,,Unknown,2.41,1.96,19.06
Saraswati Saree Depot Ltd.,21.25,5.0,5.0,-10.88,-13.85,,,,93,Unistone Capital Pvt.Ltd.,,,,,160.01,21.46,,,58.88,,,,63.30,108.44,
Emmvee Photovoltaic Power Ltd,0.0,1.11,4.94,-1.03,-14.1,NORMAL,,,65,"Kotak Mahindra Capital Co.Ltd., JM Financial Ltd., IIFL Capital Services Ltd., Jefferies India Pvt.Ltd.",0,Tier-2 Neutral,0.0000,1.0000,2900.00,20.01,,,104.6,,,Solar Manufacturing,1.15,1.02,24.89
Devyani International,56.55555555555556,-12.35,0.0,-19.62,-14.23,NORMAL,,,65,"Kotak Mahindra Capital Co.Ltd., Motilal Oswal Investment Advisors Ltd., Edelweiss Financial Services Ltd., CLSA India Pvt.Ltd.",0,Tier-2 Neutral,0.0000,1.0000,1838.00,40.21,,,,,,Unknown,38.63,64.01,25.73
Seshaasai Technologies Ltd,2.127659574468085,-4.76,1.26,-6.42,-14.28,NORMAL,,,60,"ICICI Securities Ltd., SBI Capital Markets Ltd., IIFL Capital Services Ltd.",0,Tier-2 Neutral,0.0000,1.0000,813.28,30.79,,,34.84,,,SaaS/Print,76.26,48.93,32.9
Suryoday Small Finance Bank Ltd.,-4.2622950819672125,-4.86,1.49,-9.79,-14.4,,,,60,"ICICI Securities Ltd., SBI Capital Markets Ltd., IIFL Capital Services Ltd., Axis Capital Ltd.",,,,,581.98,,,,,,,,1.47,1.70,
Paradeep Phosphates,4.761904761904762,-0.23,7.39,0.34,-14.43,NORMAL,,,60,"ICICI Securities Ltd., JM Financial Ltd., SBI Capital Markets Ltd., Axis Capital Ltd.",0,Tier-2 Neutral,0.0000,1.0000,1501.73,39.98,,,,,,Unknown,1.99,1.39,43.58
Krsnaa Diagnostics,5.403563941299786,-1.84,9.36,-11.43,-14.51,NORMAL,,,65,"JM Financial Ltd., Dam Capital Advisors Ltd., IIFL Capital Services Ltd., Equirus Capital Ltd.",0,Tier-2 Neutral,0.0000,1.0000,1213.33,32.90,,,,,,Unknown,20.55,35.65,40.85
Clean Science & Technology Ltd.,95.0,-9.67,0.89,-4.43,-14.7,,,,65,"Kotak Mahindra Capital Co.Ltd., JM Financial Ltd., Axis Capital Ltd.",,,,,1546.62,,,,,,,,65.42,66.45,
Mangal Electrical Industries Ltd,-0.8912655971479502,-3.71,1.8,0.03,-14.85,NORMAL,,,20,Systematix Corporate Services Ltd.,0,Tier-2 Neutral,0.0000,1.0000,400.00,32.77,,,29.0,,,Electrical/Industrial,5.13,7.27,18.12
Sudeep Pharma Ltd,23.102866779089375,6.05,8.9,-9.12,-14.88,NORMAL,,,60,"ICICI Securities Ltd., IIFL Capital Services Ltd.",0,Tier-2 Neutral,0.0000,1.0000,895.00,53.55,,,,,,Pharma,85.68,65.56,30.6
ideaForge Technology,93.45238095238095,-0.39,3.38,-7.32,-14.92,NORMAL,,,60,"JM Financial Ltd., IIFL Capital Services Ltd.",0,Tier-2 Neutral,0.0000,1.0000,567.24,29.82,,,13.11,,,Defense Drones,51.13,58.23,22.27
Elin Electronics,-1.214574898785425,-6.7,0.41,-8.98,-15.25,NORMAL,,,60,"JM Financial Ltd., Axis Capital Ltd.",0,Tier-2 Neutral,0.0000,1.0000,475.00,21.19,,,13.85,,,Unknown,2.53,2.56,44.61
Senores Pharmaceuticals Ltd.,53.452685421994886,-7.16,1.61,-7.85,-15.29,,,,65,"Ambit Pvt.Ltd., Equirus Capital Ltd., Nuvama Wealth Management Ltd.",,,,,582.11,28.21,,,23.6,,,,40.12,54.02,
EPACK Durable Ltd.,-3.91304347826087,-6.06,1.58,-11.09,-15.29,,,,60,"ICICI Securities Ltd., Dam Capital Advisors Ltd., Axis Capital Ltd.",,,,,640.05,415.10,,,14.68,,,,10.89,12.06,
BMW Ventures Ltd,-23.121212121212125,-4.99,0.0,-26.01,-15.36,NORMAL,,,40,Sarthi Capital Advisors Pvt.Ltd.,0,Tier-2 Neutral,0.0000,1.0000,231.66,26.15,,,15.62,,,Auto Dealership,1.89,1.00,42.38
Exicom Tele-Systems Ltd.,79.61267605633805,-15.11,3.58,-33.19,-15.4,,,,93,"Systematix Corporate Services Ltd., Monarch Networth Capital Ltd., Unistone Capital Pvt.Ltd.",,,,,429.00,31.24,,,13.38,,,,56.23,78.16,
Clean Max Enviro Energy Solutions ,-8.831908831908832,-9.64,0.0,-7.18,-15.56,NORMAL,,,60,Axis Capital,0,Tier-2 Neutral,0.0000,1.0000,3079.88,324.28,,,1.27,,,Renewable/Clean Energy,1.81,1.00,33.23
DCX Systems,38.64734299516908,7.47,11.46,-6.86,-15.59,NORMAL,,,60,"Saffron Capital Advisors Pvt.Ltd., Edelweiss Financial Services Ltd., Axis Capital Ltd.",0,Tier-2 Neutral,0.0000,1.0000,500.00,32.87,,,55.8,,,Defense Electronics,37.02,41.04,44.36
Tracxn Technologies Ltd.,5.625,10.36,18.34,-9.94,-15.98,,,,60,IIFL Capital Services Ltd.,,,,,309.38,,,,-24.0,,,,1.37,1.60,
Indegene Ltd.,44.911504424778755,-12.84,0.76,-15.09,-15.98,,,,65,"Kotak Mahindra Capital Co.Ltd., JP Morgan India Pvt.Ltd., Citigroup Global Markets India Pvt.Ltd., Nomura Financial Advisory & Securities (India) Pvt.Ltd.",,,,,1841.76,33.53,,,,,,,77.50,49.75,
Solarworld Energy Solutions Ltd,10.683760683760683,-16.73,0.0,-23.14,-16.05,NORMAL,,,60,"SBI Capital Markets Ltd., Nuvama Wealth Management Ltd.",0,Tier-2 Neutral,0.0000,1.0000,490.00,39.48,,,40.27,,,Solar/EPC,30.27,37.97,11.12
Popular Vehicles & Services Ltd.,-1.9661016949152579,-4.51,0.0,-12.76,-16.72,,,,60,"ICICI Securities Ltd., Centrum Capital Ltd., Nuvama Wealth Management Ltd.",,,,,601.55,26.22,,,10.42,,,,1.52,1.22,
Unimech Aerospace & Manufacturing ,85.98726114649682,-5.74,1.71,-5.1,-17.08,,,,78,"Anand Rathi Advisors Ltd., Equirus Capital Ltd.",,,,,500.00,51.61,,,53.53,,,,133.73,128.02,
Kalyan Jewellers,-14.999999999999996,1.69,9.53,-4.87,-17.17,NORMAL,,,60,"ICICI Securities Ltd., SBI Capital Markets Ltd., Citigroup Global Markets India Pvt.Ltd., BOB Capital Markets Ltd., Axis Capital Ltd.",0,Tier-2 Neutral,0.0000,1.0000,1174.82,22.07,,,,,,Unknown,1.75,1.84,37.71
Orkla India Ltd,2.7534246575342496,-4.86,1.32,-11.37,-17.5,NORMAL,,,65,"Kotak Mahindra Capital Co.Ltd., ICICI Securities Ltd., JP Morgan India Pvt.Ltd., Citigroup Global Markets India Pvt.Ltd.",0,Tier-2 Neutral,0.0000,1.0000,1667.54,31.68,,,,,,FMCG,47.55,34.25,28.73
Glottis Ltd,-34.883720930232556,-0.36,10.71,-11.77,-17.58,NORMAL,,,63,Pantomath Capital Advisors Pvt.Ltd.,0,Tier-2 Neutral,0.0000,1.0000,307.00,21.23,,,56.98,,,Healthcare,1.54,1.95,45.74
Garuda Construction & Engineering ,10.526315789473683,1.3,15.23,-9.4,-17.6,,,,40,Corpwis Advisors Pvt.Ltd.,,,,,264.10,21.03,,,36.14,,,,1.13,5.60,
GPT Healthcare,15.591397849462366,-6.65,2.28,-21.56,-17.81,NORMAL,,,60,JM Financial Ltd.,0,Tier-2 Neutral,0.0000,1.0000,525.14,32.49,,,23.59,,,Healthcare,7.57,6.26,25.04
Entero Healthcare Solutions Ltd.,-2.3290937996820316,-6.44,2.38,-4.85,-18.1,,,,65,"ICICI Securities Ltd., JM Financial Ltd., SBI Capital Markets Ltd., Dam Capital Advisors Ltd., Jefferies India Pvt.Ltd.",,,,,1600.00,129.75,,,-2.66,,,,1.53,1.31,
Easy Trip Planners,-96.45989304812834,-1.81,10.27,-1.51,-18.73,NORMAL,,,60,"JM Financial Ltd., Axis Capital Ltd.",0,Tier-2 Neutral,0.0000,1.0000,510.00,42.92,,,,,,Unknown,31.83,87.67,41.51
Go Fashion (India),89.85507246376811,-4.3,2.28,-7.79,-18.91,NORMAL,,,60,"ICICI Securities Ltd., JM Financial Ltd., Dam Capital Advisors Ltd.",0,Tier-2 Neutral,0.0000,1.0000,1013.61,38.71,,,,,,Retail/Apparel,40.74,73.63,26.25
Arkade Developers Ltd.,36.71875,-5.22,8.57,-12.36,-19.07,,,,93,Unistone Capital Pvt.Ltd.,,,,,410.00,19.35,,,46.9,,,,69.48,80.78,
Sanathan Textiles Ltd.,31.5576323987539,-8.04,0.17,-9.99,-19.18,,,,60,"ICICI Securities Ltd., Dam Capital Advisors Ltd.",,,,,550.00,13.53,,,11.09,,,,32.51,26.15,
Kross Ltd.,0.0,8.25,12.87,-4.58,-19.45,,,,65,Equirus Capital Ltd.,,,,,500.00,34.50,,,30.57,,,,10.44,12.74,
Aeroflex Industries,75.92592592592592,-14.08,3.34,-17.53,-19.61,NORMAL,,,63,Pantomath Capital Advisors Pvt.Ltd.,0,Tier-2 Neutral,0.5400,1.0000,351.00,21.86,,,26.43,,,Industrial/Hoses,76.90,69.39,29.57
Tolins Tyres Ltd.,0.8849557522123894,5.0,5.0,-9.29,-19.65,,,,55,Saffron Capital Advisors Pvt.Ltd.,,,,,230.00,34.33,,,25.87,,,,11.43,17.83,
Trualt Bioenergy Ltd,9.959677419354835,-2.65,0.66,-4.71,-20.17,NORMAL,,,60,"SBI Capital Markets Ltd., Dam Capital Advisors Ltd.",0,Tier-2 Neutral,0.0000,1.0000,839.28,29.01,,,28.27,,,Renewable/Bioenergy,66.53,52.69,46.39
Western Carriers (India) Ltd.,-0.5813953488372093,-6.76,3.51,-11.1,-20.22,,,,65,"Kotak Mahindra Capital Co.Ltd., JM Financial Ltd.",,,,,492.88,21.83,,,22.41,,,,12.01,22.51,
Inox Green Energy Services Ltd.,-7.6923076923076925,-1.5,6.67,1.25,-20.33,,,,65,"Dam Capital Advisors Ltd., Edelweiss Financial Services Ltd., IDBI Capital Markets & Securities Ltd., Systematix Corporate Services Ltd., Equirus Capital Ltd.",,,,,740.00,,,,,,,,1.10,1.39,
Aye Finance Ltd,0.0,-0.07,3.72,-4.63,-20.71,NORMAL,,,60,Axis Capital,0,Tier-2 Neutral,0.0000,1.0000,1010.00,24.64,,,12.12,,,NBFC/Microfinance,1.24,1.02,35.48
Carraro India,-7.528409090909091,-2.27,4.76,-0.2,-20.97,NORMAL,,,48,"Axis Bank Ltd., BNP Paribas, Nuvama Wealth Management Ltd.",0,Tier-2 Neutral,0.0000,1.0000,1250.00,40.24,,,17.69,,,Auto Components,1.56,1.12,42.73
Patel Retail Ltd,17.647058823529413,-4.1,1.67,-12.98,-21.08,NORMAL,,,40,Fedex Securities Pvt.Ltd.,0,Tier-2 Neutral,0.0000,1.0000,242.66,33.69,,,19.02,,,Retail/FMCG,109.09,78.04,49.42
Capital Small Finance Bank Ltd.,-8.066239316239317,1.1,7.59,-0.46,-21.28,,,,65,"Dam Capital Advisors Ltd., Equirus Capital Ltd., Nuvama Wealth Management Ltd.",,,,,523.07,19.35,,,16.45,,,,3.40,3.23,
Deepak Builders & Engineers India ,-90.14778325123153,-19.0,0.0,-22.9,-21.4,,,,40,Fedex Securities Pvt.Ltd.,,,,,260.04,16.63,,,8.48,,,,6.03,28.91,
Tega Industries,67.77041942604856,-4.47,1.01,-25.14,-21.72,NORMAL,,,60,"JM Financial Ltd., Axis Capital Ltd.",0,WEAK,0.0000,1.0000,619.23,,,,,,,Unknown,86.54,151.60,0.0
Uma Exports,11.76470588235294,5.0,5.0,-0.72,-21.84,NORMAL,,,55,Corporate Capital Ventures Pvt.Ltd.,0,Tier-2 Neutral,0.0000,1.0000,60.00,44.67,,,17.52,,,Unknown,2.95,4.47,44.97
Concord Enviro Systems Ltd.,17.83166904422254,0.13,4.12,-4.45,-21.92,,,,65,"Motilal Oswal Investment Advisors Ltd., Equirus Capital Ltd.",,,,,500.33,1171.52,,,13.73,,,,7.39,7.84,
Gem Aromatics Ltd,2.4923076923076994,-4.22,4.95,-16.9,-22.31,NORMAL,,,45,Motilal Oswal Investment Advisors Ltd.,0,Tier-2 Neutral,0.0000,1.0000,451.25,31.80,,,18.8,,,Specialty Chemicals,22.14,21.55,14.23
Life Insurance Corp.of India,-54.05690200210748,0.37,5.39,-5.61,-22.67,,,,81,"Kotak Mahindra Capital Co.Ltd., ICICI Securities Ltd., JM Financial Ltd., JP Morgan India Pvt.Ltd., SBI Capital Markets Ltd., BOFA Securities India Ltd., Citigroup Global Markets India Pvt.Ltd., Nomura Financial Advisory & Securities (India) Pvt.Ltd., Goldman Sachs (India) Securities Pvt.Ltd., Axis Capital Ltd.",,,,,20557.23,,,,,,,,1.73,2.05,
Prudent Corporate Advisory Service,3.1746031746031744,-13.58,0.0,-21.22,-23.09,,,,65,"ICICI Securities Ltd., Axis Capital Ltd., Equirus Capital Ltd.",,,,,428.28,,,,,,,,1.57,1.03,
Highway Infrastructure Ltd,64.28571428571429,5.0,5.0,-10.23,-23.67,NORMAL,,,63,Pantomath Capital Advisors Pvt.Ltd.,0,Tier-2 Neutral,0.0000,1.0000,130.00,22.41,,,19.03,,,Infrastructure EPC,170.38,256.33,43.65
Fino Payments Bank,-5.658578856152509,-0.08,7.09,-27.05,-24.43,NORMAL,,,63,"ICICI Securities Ltd., Nomura Financial Advisory & Securities (India) Pvt.Ltd., Axis Capital Ltd., CLSA India Pvt.Ltd.",0,Tier-2 Neutral,0.0000,1.0000,1200.29,29.94,,,,,,Unknown,1.26,1.34,56.83
Dharmaj Crop Guard,12.257383966244731,0.09,4.87,-12.22,-24.43,NORMAL,,,65,"Elara Capital (India) Pvt.Ltd., Monarch Networth Capital Ltd.",0,Tier-2 Neutral,0.0000,1.0000,251.09,38.31,,,34.64,,,Unknown,19.61,26.69,57.56
Bharat Coking Coal Ltd,95.65217391304348,-9.82,0.2,-16.16,-24.62,NORMAL,,,63,IDBI Capital,0,Tier-2 Neutral,0.0000,1.0000,1068.78,43.23,,,,,,Coal/PSU,124.54,107.48,42.84
S.J.S.Enterprises Ltd.,0.0,-5.87,1.66,-16.28,-24.99,,,,60,"Edelweiss Financial Services Ltd., IIFL Capital Services Ltd., Axis Capital Ltd.",,,,,800.00,,,,,,,,1.28,1.18,
Quality Power Electrical Equipment,1.1764705882352942,-9.79,0.17,-20.2,-25.57,,,,63,Pantomath Capital Advisors Pvt.Ltd.,,,,,858.70,32.86,,,29.15,,,,1.01,1.05,
Heranba Industries,43.54066985645933,-9.71,5.0,-21.39,-26.31,NORMAL,,,20,"Batlivala & Karani Securities India Pvt.Ltd., Emkay Global Financial Services Ltd.",0,Tier-2 Neutral,0.0000,1.0000,625.24,26.46,,,,,,Unknown,27.59,57.49,56.59
Sigachi Industries,-65.03067484662577,5.0,5.0,-10.18,-26.84,NORMAL,,,93,Unistone Capital Pvt.Ltd.,0,Tier-2 Neutral,0.0000,1.0000,125.43,23.79,,,,,,Pharma Excipients,32.54,64.89,14.04
Regaal Resources Ltd,38.23529411764706,-6.68,3.33,-17.99,-26.84,NORMAL,,,63,"Pantomath Capital Advisors Pvt.Ltd., Sumedha Fiscal Services Ltd.",0,Tier-2 Neutral,0.0000,1.0000,306.00,21.98,,,20.25,,,Resources/Mining,41.34,93.42,26.21
Indo Farm Equipment Ltd.,19.069767441860467,6.91,12.11,-10.0,-28.16,,,,45,Aryaman Financial Services Ltd.,,,,,260.15,105.25,,,5.13,,,,97.11,159.23,
Dreamfolks Services,56.04294478527607,-9.1,7.92,-16.52,-28.19,NORMAL,,,65,"Motilal Oswal Investment Advisors Ltd., Equirus Capital Ltd.",0,Tier-2 Neutral,0.0000,1.0000,562.10,33.11,,,19.78,,,Airport/Fintech,28.84,30.65,41.98
DAM Capital Advisors Ltd.,38.869257950530034,5.62,16.26,2.81,-28.77,,,,45,Nuvama Wealth Management Ltd.,,,,,840.25,28.37,,,54.72,,,,67.08,57.65,
Dev Accelerator Ltd,0.0,5.0,5.0,-11.43,-28.9,NORMAL,,,63,Pantomath Capital Advisors Pvt.Ltd.,0,Tier-2 Neutral,0.0000,1.0000,143.35,315.45,,,,,,Fintech/SaaS,9.05,35.82,43.69
Laxmi Dental Ltd.,26.635514018691588,1.58,7.75,-8.17,-29.31,,,,60,"SBI Capital Markets Ltd., Motilal Oswal Investment Advisors Ltd., Nuvama Wealth Management Ltd.",,,,,698.06,51.73,,,78.78,,,,44.60,63.10,
Mamata Machinery Ltd.,146.9135802469136,5.0,5.0,-8.68,-29.78,,,,78,Beeline Capital Advisors Pvt.Ltd.,,,,,179.35,633.97,,,27.76,,,,94.92,136.48,
Innovision Ltd,-9.884393063583817,-19.99,0.49,-28.26,-29.9,NORMAL,,,20,Emkay Global,0,Tier-2 Neutral,0.0000,1.0000,319.25,30.89,,,35.45,,,Industrial Electronics,12.83,3.35,48.6
Northern Arc Capital Ltd.,33.07984790874524,-7.6,0.0,-12.49,-30.23,,,,60,"ICICI Securities Ltd., Citigroup Global Markets India Pvt.Ltd., Axis Bank Ltd.",,,,,777.00,13.36,,,,,,,97.41,80.97,
Flair Writing Industries,64.80263157894737,-10.0,2.67,-25.56,-30.73,NORMAL,,,60,"Axis Capital Ltd., Nuvama Wealth Management Ltd.",0,Tier-2 Neutral,0.0000,1.0000,593.00,25.70,,,31.17,,,Stationery,49.32,34.68,45.91
Jaro Institute of Technology Manag,0.0,-16.38,0.0,-23.78,-31.68,,,,45,"Motilal Oswal Investment Advisors Ltd., Systematix Corporate Services Ltd., Nuvama Wealth Management Ltd.",,,,,450.00,38.17,,,35.76,,,,15.59,16.53,
One 97 Communications Ltd.,-9.30232558139535,-19.96,0.26,-8.58,-32.26,,,,65,"ICICI Securities Ltd., JP Morgan India Pvt.Ltd., Citigroup Global Markets India Pvt.Ltd., Morgan Stanley India Co.Pvt.Ltd., Goldman Sachs (India) Securities Pvt.Ltd., HDFC Bank Ltd., Axis Capital Ltd.",,,,,18300.00,,,,,,,,1.76,1.48,
VMS TMT Ltd,5.9595959595959656,-5.0,0.1,-21.19,-33.09,NORMAL,,,35,Arihant Capital Markets Ltd.,0,Tier-2 Neutral,0.0000,1.0000,148.50,14.32,,,,,,Steel/TMT,48.35,82.91,56.14
Excelsoft Technologies Ltd,12.5,-6.69,5.62,-26.47,-34.59,NORMAL,,,78,Anand Rathi Advisors Ltd.,0,Tier-2 Neutral,0.0000,1.0000,500.00,57.46,,,10.38,,,EdTech/SaaS,20.52,31.87,55.0
Amir Chand Jagdish Kumar (Exports),-5.660377358490567,-10.0,0.0,-36.95,-34.6,,,,20,Emkay Global,,,,,440.00,22.56,,,17.61,,,,1.11,3.05,
Stallion India Fluorochemicals Ltd,13.35555555555555,5.0,5.0,-14.23,-35.68,,,,40,Sarthi Capital Advisors Pvt.Ltd.,,,,,199.45,21.55,,,12.54,,,,69.58,131.49,
Shree Ram Twistex Ltd,-34.61538461538461,5.0,5.0,-17.06,-37.38,NORMAL,,,25,Interactive Financial,0,WEAK,0.0000,1.0000,110.24,29.69,,,,,,Textiles,3.72,41.29,0.0
Vibhor Steel Tubes Ltd.,181.4569536423841,5.0,5.0,-16.65,-38.4,,,,80,Khambatta Securities Ltd.,,,,,72.17,16.80,,,25.51,,,,75.42,221.21,
