"Date ","Symbol ","Security Name ","Client Name ","Buy / Sell ","Quantity Traded ","Trade Price / Wght. Avg. Price ","Remarks "
"10-JUN-2016","GOKEX","Gokaldas Exports Limited","BLACKSTONE FP CAPITAL PARTNERS (M) V B SUBSIDIARY LIMITED","SELL","34,50,000","126.20",
"10-JUN-2016","GOKEX","Gokaldas Exports Limited","ICICI BANK LTD. (INVESTMENT)","BUY","34,50,000","126.20",
"13-JUN-2016","SITICABLE","Siti Cable Network Ltd","BIOSCOPE CINEMAS PRIVATE LIMITED","BUY","1,64,31,000","37.45",
"13-JUN-2016","SITICABLE","Siti Cable Network Ltd","ESSEL MEDIA VENTURES LIMITED","SELL","1,64,31,000","37.45",
"20-JUN-2016","NCC","NCC Limited","A V S R HOLDINGS PRIVATE LIMITED","BUY","5,00,000","74.50",
"20-JUN-2016","NCC","NCC Limited","A V S RAJU","SELL","5,00,000","74.50",
"27-JUN-2016","MINDACORP","Minda Corporation Ltd","BUZZ INFOTECH PRIVATE LIMITED","BUY","9,50,000","109.50",
"27-JUN-2016","MINDACORP","Minda Corporation Ltd","WAVES CREATIONS PRIVATE LIMITED","SELL","9,50,000","109.50",
"07-JUL-2016","VIKASECO","Vikas EcoTech Limited","ATHENA MULTITRADE PRIVATE LIMITED","SELL","26,55,101","13.44",
"07-JUL-2016","VIKASECO","Vikas EcoTech Limited","HEENA PARAG CHHEDA","BUY","21,15,001","13.45",
"07-JUL-2016","VIKASECO","Vikas EcoTech Limited","JAYANT SHAMJI CHHEDA","BUY","21,16,500","13.45",
"07-JUL-2016","VIKASECO","Vikas EcoTech Limited","KAMAL HASMUKHLAL SHAH","BUY","5,40,000","13.40",
"07-JUL-2016","VIKASECO","Vikas EcoTech Limited","MOONLITE TECHNOCHEM PRIVATE LIMITED","SELL","21,15,001","13.45",
"07-JUL-2016","VIKASECO","Vikas EcoTech Limited","PARAG JAYANT CHHEDA","BUY","21,15,000","13.45",
"07-JUL-2016","VIKASECO","Vikas EcoTech Limited","SEEMA GARG","SELL","21,15,000","13.45",
"07-JUL-2016","VIKASECO","Vikas EcoTech Limited","SUKRITI GARG","SELL","21,16,500","13.45",
"07-JUL-2016","VIKASECO","Vikas EcoTech Limited","VIPUL JAYANT CHHEDA","BUY","21,15,101","13.45",
"13-JUL-2016","LUPIN","Lupin Limited","GUPTA DESHBANDHU","SELL","4,00,000","1,674.00",
"13-JUL-2016","LUPIN","Lupin Limited","RAHAS INVESTMENTS PVT LTD","BUY","1,00,000","1,674.00",
"13-JUL-2016","LUPIN","Lupin Limited","VISIOMED INVESTMENTS PRIVATE LTD","BUY","3,00,000","1,674.00",
"20-JUL-2016","GOKEX","Gokaldas Exports Limited","BLACKSTONE FP CAPITAL PARTNERS (M) V B SUBSIDIARY LIMITED","SELL","25,78,000","113.50",
"20-JUL-2016","GOKEX","Gokaldas Exports Limited","ICICI BANK LTD. (INVESTMENT)","BUY","25,78,000","113.50",
"27-JUL-2016","GINNIFILA","Ginni Filaments Ltd","JAIPURIA SUNITI DEVI","SELL","21,00,000","28.00",
"27-JUL-2016","GINNIFILA","Ginni Filaments Ltd","LIMITED RAGHUKUL TRADING PRIVATE","BUY","21,00,000","28.00",
"28-JUL-2016","SAKSOFT","Saksoft Limited","ADITYA KRISHNA","SELL","2,04,550","244.45",
"28-JUL-2016","SAKSOFT","Saksoft Limited","SAK INDUSTRIES PVT LTD","BUY","2,04,550","244.45",
"10-AUG-2016","TRIDENT","Trident Limited","BHATINDA COTTON TRADERS PRIVATE LIMITED","BUY","47,00,000","47.05",
"10-AUG-2016","TRIDENT","Trident Limited","MADHURAJ FOUNDATION","BUY","11,00,000","47.05",
"10-AUG-2016","TRIDENT","Trident Limited","TAL BENEFIT TRUST","SELL","90,00,000","47.05",
"10-AUG-2016","TRIDENT","Trident Limited","TRIDENT CORPORATE SERVICES LIMITED","BUY","10,50,000","47.05",
"10-AUG-2016","TRIDENT","Trident Limited","TRIDENT CORPORATE SOLOTIONS LIMITED","BUY","10,50,000","47.05",
"10-AUG-2016","TRIDENT","Trident Limited","TRIDENT GROUP LIMITED","BUY","11,00,000","47.05",
"11-AUG-2016","HEROMOTOCO","Hero MotoCorp Limited","BAHADUR CHAND INVESTMENTS PVT LTD","BUY","48,80,988","3,319.00",
"11-AUG-2016","HEROMOTOCO","Hero MotoCorp Limited","BRIJ MOHAN LAL OM PARKASH","SELL","57,54,744","3,319.00",
"11-AUG-2016","HEROMOTOCO","Hero MotoCorp Limited","HERO INVESTCORP PRIVATE LIMITED","BUY","8,73,756","3,319.00",
"11-AUG-2016","TRIDENT","Trident Limited","TAL BENEFIT TRUST","SELL","13,48,387","47.45",
"11-AUG-2016","TRIDENT","Trident Limited","TRIDENT GROUP LIMITED","BUY","13,48,387","47.45",
"19-AUG-2016","SHYAMCENT","Shyam Century Ferrous Ltd","BRIJ BHUSHAN AGARWAL(SUBHAM AGARWAL)","BUY","1,00,00,000","7.05",
"19-AUG-2016","SHYAMCENT","Shyam Century Ferrous Ltd","MITTU AGARWAL","BUY","10,00,000","7.05",
"19-AUG-2016","SHYAMCENT","Shyam Century Ferrous Ltd","SUBHAM CAPITAL PRIVATE LIMITED","SELL","1,10,00,000","7.05",
"31-AUG-2016","GODFRYPHLP","Godfrey Phillips Ltd.","LIMITED SPICE MOBILITY","SELL","83,591","1,202.00",
"31-AUG-2016","GODFRYPHLP","Godfrey Phillips Ltd.","SPICEBULLS INVESTMENTS LIMITED","BUY","83,591","1,202.00",
"09-SEP-2016","GKWLIMITED","GKW Limited","ACCORD CAPITAL MARKETS  PRIVATE LIMITED","SELL","1,85,000","600.00",
"09-SEP-2016","GKWLIMITED","GKW Limited","INDIA OPPORTUNITIES GROWTH FUND LTD - PINEWOOD STRATEGY","BUY","1,85,000","600.00",
"16-SEP-2016","TRIDENT","Trident Limited","SATYAM HOME FURNISHINGS PRIVATE LIMITED","SELL","9,00,000","53.00",
"16-SEP-2016","TRIDENT","Trident Limited","TRIDENT GROUP LIMITED","BUY","9,00,000","53.00",
"20-SEP-2016","MUKANDLTD","Mukand Limited","ISARNAN STEEL AND MINERALS PRIVATE LIMITED","BUY","7,38,810","64.70",
"20-SEP-2016","MUKANDLTD","Mukand Limited","SHAH CZAEE SUKETU","BUY","9,18,140","64.70",
"20-SEP-2016","MUKANDLTD","Mukand Limited","SUKETU SHAH","SELL","34,83,350","64.70",
"20-SEP-2016","MUKANDLTD","Mukand Limited","VIR RISHABH SUKUMAR","BUY","18,26,400","64.70",
"20-SEP-2016","VAKRANGEE","VAKRANGEE LIMITED","CREDIT SUISSE (SINGAPORE) LIMITED A/C CREDIT SUISSE (SINGAP","BUY","44,25,000","227.00",
"20-SEP-2016","VAKRANGEE","VAKRANGEE LIMITED","NEWTREE TRADING COMPANY PRIVATE LIMITED","SELL","44,25,000","227.00",
"26-SEP-2016","MUTHOOTFIN","Muthoot Finance Limited","BARCLAYS MERCHANT BANK (SINGAPORE) LIMITED","BUY","30,56,502","373.00",
"26-SEP-2016","MUTHOOTFIN","Muthoot Finance Limited","BARING INDIA PRIVATE EQUITY FUND III LISTED INVESTMENTS LTD","SELL","30,56,502","373.00",
"30-SEP-2016","SMSPHARMA","SMS Pharmaceuticals Limit","GULF PHARMACEUTICAL INDUSTRIES","SELL","31,50,000","94.60",
"30-SEP-2016","SMSPHARMA","SMS Pharmaceuticals Limit","RAMESH BABU POTLURI","BUY","31,50,000","94.60",
"06-OCT-2016","ALANKIT","Alankit Limited","ATHENA MULTITRADE PRIVATE LIMITED","BUY","5,00,000","135.00",
"06-OCT-2016","ALANKIT","Alankit Limited","NUTSHELL VYAPAAR PRIVATE LIMITED","SELL","5,00,000","135.00",
"07-OCT-2016","ALANKIT","Alankit Limited","ATHENA MULTITRADE PRIVATE LIMITED","BUY","6,00,000","134.00",
"07-OCT-2016","ALANKIT","Alankit Limited","NUTSHELL VYAPAAR PRIVATE LIMITED","SELL","6,00,000","134.00",
"13-OCT-2016","MERCATOR","Mercator Limited","ALBULA INVESTMENT FUND LTD","SELL","1,00,00,000","46.55",
"13-OCT-2016","MERCATOR","Mercator Limited","GOVERNMENT OF SINGAPORE","BUY","73,55,445","46.55",
"13-OCT-2016","MERCATOR","Mercator Limited","MONETARY AUTHORITY OF SINGAPORE","BUY","26,44,555","46.55",
"14-OCT-2016","OCL","OCL India Limited","RASBEHARI TRADERS","SELL","1,17,192","885.00",
"14-OCT-2016","OCL","OCL India Limited","SHREE VALLABH ORTHOPAEDIC INSTRUMENTS PVT LTD","BUY","1,17,192","885.00",
"17-OCT-2016","ALANKIT","Alankit Limited","NUTSHELL VYAPAAR PRIVATE LIMITED","SELL","4,00,000","133.00",
"17-OCT-2016","ALANKIT","Alankit Limited","TAVARES TRADELINKS PRIVATE LIMITED","BUY","4,00,000","133.00",
"21-OCT-2016","GDL","Gateway Distriparks Limit","PERFECT COMMUNICATIONS PVT LTD","BUY","16,50,000","252.50",
"21-OCT-2016","GDL","Gateway Distriparks Limit","PREM KISHAN GUPTA","SELL","16,50,000","252.50",
"21-OCT-2016","GVKPIL","GVK Power & Infrastructur","MICROWEB","SELL","25,00,000","6.75",
"21-OCT-2016","GVKPIL","GVK Power & Infrastructur","RAMSINGH M AGARWAL HUF","BUY","20,00,000","6.75",
"21-OCT-2016","GVKPIL","GVK Power & Infrastructur","SHEILA RAMSINGH AGARWAL","BUY","5,00,000","6.75",
"26-OCT-2016","PARACABLES","Paramount Communications","ABHINAV GOYAL","SELL","13,75,020","3.85",
"26-OCT-2016","PARACABLES","Paramount Communications","MAHESH CHAND GOYAL","BUY","13,75,020","3.85",
"11-NOV-2016","SICAL","Sical Logistics Limited","DARNOLLY INVESTMENTS LIMITED","SELL","18,70,000","191.60",
"11-NOV-2016","SICAL","Sical Logistics Limited","OPTIMUM STOCK TRADING CO.PVT.LTD","BUY","18,70,000","191.60",
"29-NOV-2016","MAXVIL","Max Ventures and Inds Ltd","SIVA ENTERPRISES PRIVATE LIMITED","BUY","17,78,940","50.50",
"29-NOV-2016","MAXVIL","Max Ventures and Inds Ltd","XENOK LIMITED","SELL","17,78,940","50.50",
"30-NOV-2016","SITINET","Siti Networks Limited","BIOSCOPE CINEMAS PRIVATE LIMITED","BUY","70,00,000","36.35",
"30-NOV-2016","SITINET","Siti Networks Limited","ESSEL INTERNATIONAL LIMITED","SELL","70,00,000","36.35",
"06-DEC-2016","GVKPIL","GVK Power & Infrastructur","G V KRISHNA REDDY","SELL","2,37,13,536","5.70",
"06-DEC-2016","GVKPIL","GVK Power & Infrastructur","G V SANJAY REDDY","SELL","4,26,84,357","5.70",
"06-DEC-2016","GVKPIL","GVK Power & Infrastructur","KRISHNARAM BHUPAL","SELL","2,84,56,241","5.70",
"06-DEC-2016","GVKPIL","GVK Power & Infrastructur","VERTEX PROJECTS LLP","BUY","9,48,54,134","5.70",
"06-DEC-2016","HINDMOTORS","Hindustan Motors Limited","JAIPUR FINANCE & DAIRY PRODUCTS PVT LTD","BUY","10,00,000","7.05",
"06-DEC-2016","HINDMOTORS","Hindustan Motors Limited","LTD NATIONAL BEARING CO (JAIPUR)","SELL","10,00,000","7.05",
"09-DEC-2016","GOKUL","Gokul Refoils and Solvent","AMIT CAPITAL & SECURITIES","SELL","6,80,000","25.00",
"09-DEC-2016","GOKUL","Gokul Refoils and Solvent","RATHI GLOBAL FINANCE PVT.LTD","BUY","6,80,000","25.00",
"15-DEC-2016","SURANAIND","Surana Industries Limited","ITF MAURITIUS","BUY","5,38,576","3.90",
"15-DEC-2016","SURANAIND","Surana Industries Limited","VCM LTD. MAURITIUS","SELL","5,38,576","3.90",
"20-DEC-2016","BOSCHLTD","Bosch Limited","ROBERT BOSCH ENGINEERING AND BUSINESS SOLUTIONS PRIVATE LIM","BUY","4,54,000","19,822.20",
"20-DEC-2016","BOSCHLTD","Bosch Limited","ROBERT BOSCH GMBH","SELL","4,54,000","19,822.20",
"26-DEC-2016","FLFL","Fut Lifestyle Fash Ltd","FUTURE CORPORATE RESOURCES LIMITED","BUY","3,05,70,108","123.00",
"26-DEC-2016","FLFL","Fut Lifestyle Fash Ltd","FUTURE ENTERPRISES LIMITED","SELL","3,05,70,108","123.00",
"29-DEC-2016","BERGEPAINT","Berger Paints (I) Ltd","KULDIP SINGH DHINGRA","SELL","5,00,000","208.00",
"29-DEC-2016","BERGEPAINT","Berger Paints (I) Ltd","U K PAINTS INDIA PVT LTD","BUY","10,00,000","208.00",
"29-DEC-2016","BERGEPAINT","Berger Paints (I) Ltd","VINU  DHINGRA","SELL","5,00,000","208.00",
"05-JAN-2017","TRIDENT","Trident Limited","LTS INVESTMENT FUND LTD","BUY","9,00,000","59.85",
"05-JAN-2017","TRIDENT","Trident Limited","SATYAM HOME FURNISHINGS PRIVATE LIMITED","SELL","9,00,000","59.85",
"16-JAN-2017","ESL","Electrosteel Steels Ltd","JINDAL DRILLING & INDUSTRIES LIMITED","BUY","91,64,842","4.10",
"16-JAN-2017","ESL","Electrosteel Steels Ltd","SUDHA APPARELS LIMITED","SELL","91,64,842","4.10",
"17-JAN-2017","JINDRILL","Jindal Drilling And Indus","STABLE TRADING CO.LTD.","BUY","9,24,000","167.00",
"17-JAN-2017","JINDRILL","Jindal Drilling And Indus","SUDHA APPARELS LIMITED","SELL","9,24,000","167.00",
"18-JAN-2017","SFCL","Star Ferro & Cement Ltd.","SHEETIJ AGARWAL","BUY","5,50,000","97.00",
"18-JAN-2017","SFCL","Star Ferro & Cement Ltd.","SUBHAM CAPITAL PVT. LTD.","SELL","5,50,000","97.00",
"24-JAN-2017","JINDRILL","Jindal Drilling And Indus","ODD & EVEN TRADES & FINANCE PVT. LTD","SELL","4,25,000","173.00",
"24-JAN-2017","JINDRILL","Jindal Drilling And Indus","STABLE TRADING CO.LTD.","BUY","4,25,000","173.00",
"25-JAN-2017","HINDMOTORS","Hindustan Motors Limited","JAIPUR FINANCE & DAIRY PRODUCTS PVT LTD","BUY","7,00,000","9.10",
"25-JAN-2017","HINDMOTORS","Hindustan Motors Limited","LIMITED INDIA SILICA MAGNESITE WORKS","SELL","7,00,000","9.10",
"25-JAN-2017","SFCL","Star Ferro & Cement Ltd.","SHEETIJ AGARWAL","BUY","7,00,000","95.50",
"25-JAN-2017","SFCL","Star Ferro & Cement Ltd.","SUBHAM CAPITAL PVT. LTD.","SELL","7,00,000","95.50",
"07-FEB-2017","ITC","ITC Ltd.","ADMINISTRATOR OF THE SPECIFIED UNDERTAKING OF THE UNIT TRUS","SELL","8,08,40,763","275.85",
"07-FEB-2017","ITC","ITC Ltd.","ADMINISTRATOR OF THE SPECIFIED UNDERTAKING OF THE UTI-1964","SELL","8,08,40,763","275.85",
"07-FEB-2017","ITC","ITC Ltd.","LIC A/C LIC ALLOCATION CONTRA FUND","BUY","8,08,40,763","275.85",
"07-FEB-2017","ITC","ITC Ltd.","LIFE INSURANCE CORPORATION (SCHEME 5)","BUY","8,08,40,763","275.85",
"07-FEB-2017","ITC","ITC Ltd.","LIFE INSURANCE CORPORATION OF INDIA LTD","BUY","8,08,40,763","275.85",
"07-FEB-2017","ITC","ITC Ltd.","UTI ADMNSTR OF THE SPECIFIED UNDERTAKING OF UTI-UNIT SCHM 64","SELL","8,08,40,763","275.85",
"16-FEB-2017","FINCABLES","Finolex Cables Ltd","ARMOR CAPITAL","SELL","9,35,000","437.00",
"16-FEB-2017","FINCABLES","Finolex Cables Ltd","SBI MUTUAL FUND","BUY","9,35,000","437.00",
"20-FEB-2017","UMANGDAIRY","Umang Dairies Limited","ACCURATE FINMAN SERVICES LTD","SELL","10,50,000","74.25",
"20-FEB-2017","UMANGDAIRY","Umang Dairies Limited","BENGAL & ASSAM CO. LTD.","BUY","10,50,000","74.25",
"23-FEB-2017","GREENLAM","Greenlam Industries Ltd.","AKASH BHANSHALI","BUY","1,00,000","650.00",
"23-FEB-2017","GREENLAM","Greenlam Industries Ltd.","SAURABH MITTAL","SELL","1,00,000","650.00",
"23-FEB-2017","GVKPIL","GVK Power & Infrastructur","G V KRISHNA REDDY","SELL","1,04,33,333","6.60",
"23-FEB-2017","GVKPIL","GVK Power & Infrastructur","G V SANJAY REDDY","SELL","1,87,80,000","6.60",
"23-FEB-2017","GVKPIL","GVK Power & Infrastructur","KRISHNARAM BHUPAL","SELL","1,25,20,000","6.60",
"23-FEB-2017","GVKPIL","GVK Power & Infrastructur","VERTEX PROJECTS LLP","BUY","4,17,33,333","6.60",
"28-FEB-2017","MANAPPURAM","Manappuram Finance Ltd","BARCLAYS MERCHANT BANK (SINGAPORE) LIMITED","BUY","3,17,44,389","97.30",
"28-FEB-2017","MANAPPURAM","Manappuram Finance Ltd","BARING INDIA PRIVATE EQUITY FUND III LISTED INVESTMENTS LTD","SELL","3,17,44,389","97.30",
"28-FEB-2017","SHILPAMED","Shilpa Medicare Ltd","BARCLAYS MERCHANT BANK (SINGAPORE) LIMITED","BUY","16,13,450","651.00",
"28-FEB-2017","SHILPAMED","Shilpa Medicare Ltd","CLSA GLOBAL MARKETS PTE LTD","SELL","16,13,450","651.00",
"03-MAR-2017","AUROPHARMA","Aurobindo Pharma Ltd.","RAJESWARI KAMBAM","BUY","2,00,000","672.00",
"03-MAR-2017","AUROPHARMA","Aurobindo Pharma Ltd.","SIVAKUMARAN  MEENAKSHI","SELL","2,00,000","672.00",
"08-MAR-2017","KOTAKBANK","Kotak Mahindra Bank Limit","KEDAR S. MANKEKAR","BUY","1,50,000","825.00",
"08-MAR-2017","KOTAKBANK","Kotak Mahindra Bank Limit","MANKEKAR LAXMI SHIVANAND","BUY","3,58,820","825.00",
"08-MAR-2017","KOTAKBANK","Kotak Mahindra Bank Limit","OM KEDAR INVESTMENTS","SELL","5,08,820","825.00",
"09-MAR-2017","GOKULAGRO","Gokul Agro Resources Ltd","MEHRANGARH FINANCIAL ADVISORS PRIVATE LIMITED","SELL","22,75,076","33.00",
"09-MAR-2017","GOKULAGRO","Gokul Agro Resources Ltd","PRAKHAR ADVISORS  & TRADERS PRIVATE LIMITED","SELL","5,00,000","33.00",
"09-MAR-2017","GOKULAGRO","Gokul Agro Resources Ltd","RATHI GLOBAL FINANCE PVT.LTD","BUY","27,75,076","33.00",
"09-MAR-2017","JMFINANCIL","JM Financial Limited","MANKEKAR LAXMI SHIVANAND","BUY","23,00,000","78.75",
"09-MAR-2017","JMFINANCIL","JM Financial Limited","OM KEDAR INVESTMENTS","SELL","23,00,000","78.75",
"14-MAR-2017","INDUSINDBK","IndusInd Bank Ltd.","AASIA CORPORATION LLP","SELL","7,50,000","1,360.00",
"14-MAR-2017","INDUSINDBK","IndusInd Bank Ltd.","AASIA EXPORTS","BUY","7,50,000","1,360.00",
"15-MAR-2017","GOKUL","Gokul Refoils and Solvent","ELEGANT CAPITALS PRIVATE LIMITED","SELL","26,64,445","29.50",
"15-MAR-2017","GOKUL","Gokul Refoils and Solvent","RATHI GLOBAL FINANCE PVT.LTD","BUY","26,64,445","29.50",
"15-MAR-2017","INDUSINDBK","IndusInd Bank Ltd.","AASIA CORPORATION LLP","SELL","7,50,000","1,350.00",
"15-MAR-2017","INDUSINDBK","IndusInd Bank Ltd.","AASIA EXPORTS","BUY","7,50,000","1,350.00",
"15-MAR-2017","SIYSIL","Siyaram Silk Mills Ltd","ANKIT PODDAR","BUY","2,24,901","1,680.00",
"15-MAR-2017","SIYSIL","Siyaram Silk Mills Ltd","ANURAG PODDAR","BUY","2,24,900","1,680.00",
"15-MAR-2017","SIYSIL","Siyaram Silk Mills Ltd","ASHA DEVI PODDAR","BUY","2,82,750","1,680.00",
"15-MAR-2017","SIYSIL","Siyaram Silk Mills Ltd","AVNISH PODDAR","BUY","2,24,899","1,680.00",
"15-MAR-2017","SIYSIL","Siyaram Silk Mills Ltd","DPP ENTERPRISES LLP","SELL","11,31,002","1,680.00",
"15-MAR-2017","SIYSIL","Siyaram Silk Mills Ltd","GAURAV PODDAR","BUY","2,24,900","1,680.00",
"15-MAR-2017","SIYSIL","Siyaram Silk Mills Ltd","GPP ENTERPRISES LLP","SELL","22,23,762","1,680.00",
"15-MAR-2017","SIYSIL","Siyaram Silk Mills Ltd","HSP ENTERPRISES LLP","SELL","8,99,600","1,680.00",
"15-MAR-2017","SIYSIL","Siyaram Silk Mills Ltd","PAWAN KUMAR PODDAR","BUY","57,853","1,680.00",
"15-MAR-2017","SIYSIL","Siyaram Silk Mills Ltd","PKP ENTERPRISES LLP","BUY","22,23,762","1,680.00",
"15-MAR-2017","SIYSIL","Siyaram Silk Mills Ltd","RAMESH KUMAR PODDAR","BUY","2,24,900","1,680.00",
"15-MAR-2017","SIYSIL","Siyaram Silk Mills Ltd","SANGEETA PODDAR","BUY","57,849","1,680.00",
"15-MAR-2017","SIYSIL","Siyaram Silk Mills Ltd","SHRIKISHAN PODDAR","BUY","2,24,900","1,680.00",
"15-MAR-2017","SIYSIL","Siyaram Silk Mills Ltd","VIBHA PODDAR","BUY","2,82,750","1,680.00",
"16-MAR-2017","INDUSINDBK","IndusInd Bank Ltd.","AASIA CORPORATION LLP","SELL","3,00,000","1,359.00",
"16-MAR-2017","INDUSINDBK","IndusInd Bank Ltd.","AASIA EXPORTS","BUY","3,00,000","1,359.00",
"17-MAR-2017","CANFINHOME","Can Fin Homes Ltd","CHHATTISGARH INVESTMENTS LIMITED","BUY","3,30,000","2,130.00",
"17-MAR-2017","CANFINHOME","Can Fin Homes Ltd","CSP INVESTMENTS","SELL","3,30,000","2,130.00",
"17-MAR-2017","GINNIFILA","Ginni Filaments Ltd","JAIPURIA SHISHIR","SELL","30,00,000","34.15",
"17-MAR-2017","GINNIFILA","Ginni Filaments Ltd","LIMITED RAGHUKUL TRADING PRIVATE","BUY","30,00,000","34.15",
"20-MAR-2017","CANFINHOME","Can Fin Homes Ltd","CHHATTISGARH INVESTMENTS LIMITED","BUY","3,30,000","2,115.00",
"20-MAR-2017","CANFINHOME","Can Fin Homes Ltd","CSP INVESTMENTS","SELL","3,30,000","2,115.00",
"21-MAR-2017","AUROPHARMA","Aurobindo Pharma Ltd.","GOVINDARAJAN  NARAYANAN","SELL","5,30,000","699.00",
"21-MAR-2017","AUROPHARMA","Aurobindo Pharma Ltd.","HEMA  GOVINDARAJAN","BUY","5,30,000","699.00",
"21-MAR-2017","INDUSINDBK","IndusInd Bank Ltd.","AASIA CORPORATION LLP","SELL","6,85,000","1,380.00",
"21-MAR-2017","INDUSINDBK","IndusInd Bank Ltd.","HINDUJA FINANCE PRIVATE LIMITED","BUY","6,85,000","1,380.00",
"21-MAR-2017","LTI","L&T Infotech Limited","AUBURN LIMITED","BUY","17,24,854","698.00",
"21-MAR-2017","LTI","L&T Infotech Limited","KOTAK MAHINDRA (INTERNATIONAL) LIMITED","SELL","17,24,854","698.00",
"22-MAR-2017","APOLLOTYRE","Apollo Tyres Ltd.","MOTLAY FINANCE PRIVATE LIMITED","BUY","29,19,540","202.27",
"22-MAR-2017","APOLLOTYRE","Apollo Tyres Ltd.","ONKAR SINGH KANWAR","SELL","29,19,540","202.27",
"22-MAR-2017","CANFINHOME","Can Fin Homes Ltd","CHHATTISGARH INVESTMENTS LIMITED","BUY","4,70,000","2,100.00",
"22-MAR-2017","CANFINHOME","Can Fin Homes Ltd","CSP INVESTMENTS","SELL","4,70,000","2,100.00",
"22-MAR-2017","INDUSINDBK","IndusInd Bank Ltd.","AASIA CORPORATION LLP","SELL","3,00,000","1,378.00",
"22-MAR-2017","INDUSINDBK","IndusInd Bank Ltd.","IN ENTERTAINMENT INDIA LIMITED","BUY","3,00,000","1,378.00",
"22-MAR-2017","UFLEX","UFLEX Limited","ASHOK KUMAR CHATURVEDI HUF","BUY","8,60,000","286.00",
"22-MAR-2017","UFLEX","UFLEX Limited","CHATURVEDI ASHOK KUMAR","SELL","4,30,000","286.00",
"22-MAR-2017","UFLEX","UFLEX Limited","CHATURVEDI RASHMI","SELL","4,30,000","286.00",
"23-MAR-2017","CANFINHOME","Can Fin Homes Ltd","CHHATTISGARH INVESTMENTS LIMITED","BUY","4,70,000","2,116.00",
"23-MAR-2017","CANFINHOME","Can Fin Homes Ltd","CSP INVESTMENTS","SELL","4,70,000","2,116.00",
"23-MAR-2017","KOTAKBANK","Kotak Mahindra Bank Limit","ANAND MAHINDRA FAMILY TRUST","BUY","7,40,590","860.00",
"23-MAR-2017","KOTAKBANK","Kotak Mahindra Bank Limit","ANURADHA MAHINDRA FAMILY TRUST","BUY","15,84,990","860.00",
"23-MAR-2017","KOTAKBANK","Kotak Mahindra Bank Limit","MAHINDRA FAMILY TRUST I","SELL","7,40,590","860.00",
"23-MAR-2017","KOTAKBANK","Kotak Mahindra Bank Limit","MAHINDRA FAMILY TRUST II","SELL","15,84,990","860.00",
"23-MAR-2017","NAGAFERT","Nagarjun Fert and Che Ltd","LIMITED ZUARI AGRO CHEMICALS","BUY","3,22,67,741","16.10",
"23-MAR-2017","NAGAFERT","Nagarjun Fert and Che Ltd","ZUARI GLOBAL LIMITED","SELL","3,22,67,741","16.10",
"23-MAR-2017","RAYMOND","Raymond Ltd.","AESS & SONS","SELL","5,57,368","660.00",
"23-MAR-2017","RAYMOND","Raymond Ltd.","UJJWALA AKSHAYPAT SINGHANIA","BUY","5,57,368","660.00",
"23-MAR-2017","STAR","Strides Shasun Limited","BAHL RAJIV","BUY","4,05,000","1,153.00",
"23-MAR-2017","STAR","Strides Shasun Limited","LEELA  VIMALKUMAR","SELL","2,00,000","1,153.00",
"23-MAR-2017","STAR","Strides Shasun Limited","MONISHA  NITIN","BUY","5,00,000","1,153.00",
"23-MAR-2017","STAR","Strides Shasun Limited","NITINKUMAR  VIMALKUMAR","SELL","2,00,000","1,153.00",
"23-MAR-2017","STAR","Strides Shasun Limited","RUPALI  GOECHA","BUY","5,00,000","1,153.00",
"23-MAR-2017","STAR","Strides Shasun Limited","SHASUN LEASING AND FINANCE PVT LTD","SELL","4,05,000","1,153.00",
"23-MAR-2017","STAR","Strides Shasun Limited","VIMAL KUMAR SRISRIMAL","SELL","4,00,000","1,153.00",
"23-MAR-2017","STAR","Strides Shasun Limited","VIMALKUMAR  JATIN","SELL","2,00,000","1,153.00",
"24-MAR-2017","CANFINHOME","Can Fin Homes Ltd","CHHATTISGARH INVESTMENTS LIMITED","BUY","2,00,000","2,118.00",
"24-MAR-2017","CANFINHOME","Can Fin Homes Ltd","CSP INVESTMENTS","SELL","2,00,000","2,118.00",
"24-MAR-2017","GOKUL","Gokul Refoils and Solvent","PRAKHAR ADVISORS  & TRADERS PRIVATE LIMITED","SELL","6,00,000","27.20",
"24-MAR-2017","GOKUL","Gokul Refoils and Solvent","RATHI GLOBAL FINANCE PVT.LTD","BUY","6,00,000","27.20",
"24-MAR-2017","HEROMOTOCO","Hero MotoCorp Limited","BAHADUR CHAND INVESTMENTS PVT LTD","BUY","88,78,000","3,375.00",
"24-MAR-2017","HEROMOTOCO","Hero MotoCorp Limited","BRIJ MOHAN LAL OM PARKASH","SELL","88,78,000","3,375.00",
"24-MAR-2017","KOTAKBANK","Kotak Mahindra Bank Limit","ANAND MAHINDRA FAMILY TRUST","SELL","7,40,590","860.00",
"24-MAR-2017","KOTAKBANK","Kotak Mahindra Bank Limit","ANURADHA MAHINDRA FAMILY TRUST","SELL","15,84,990","860.00",
"24-MAR-2017","KOTAKBANK","Kotak Mahindra Bank Limit","MAHINDRA FAMILY TRUST I","BUY","7,40,590","860.00",
"24-MAR-2017","KOTAKBANK","Kotak Mahindra Bank Limit","MAHINDRA FAMILY TRUST II","BUY","15,84,990","860.00",
"24-MAR-2017","MEGH","Meghmani Organics Limited","ASHISH N SOPARKAR","SELL","13,42,500","38.00",
"24-MAR-2017","MEGH","Meghmani Organics Limited","KAUSHAL A SOPARKAR","BUY","13,42,500","38.00",
"24-MAR-2017","MIRCELECTR","Mirc Electronics Ltd.","GULU LALCHAND MIRCHANDANI","BUY","2,44,11,988","12.80",
"24-MAR-2017","MIRCELECTR","Mirc Electronics Ltd.","KAVAL GULU MIRCHANDANI","SELL","1,22,10,599","12.80",
"24-MAR-2017","MIRCELECTR","Mirc Electronics Ltd.","SASHA GULU MIRCHANDANI","SELL","1,22,01,389","12.80",
"24-MAR-2017","SANGAMIND","Sangam (India) Ltd.","SONI ANURAG","BUY","16,06,000","260.00",
"24-MAR-2017","SANGAMIND","Sangam (India) Ltd.","SONI BADARI LAL RAMPAL","SELL","16,06,000","260.00",
"24-MAR-2017","SHK","S H Kelkar and Co. Ltd.","AADITI K VAZE","SELL","12,00,000","310.00",
"24-MAR-2017","SHK","S H Kelkar and Co. Ltd.","KEDAR RAMESH VAZE","BUY","12,00,000","310.00",
"27-MAR-2017","AARTIIND","Aarti Industries Ltd.","CHANDRAKANT VALLABHAJI GOGRI","BUY","51,39,602","780.00",
"27-MAR-2017","AARTIIND","Aarti Industries Ltd.","HETAL GOGRI GALA","SELL","25,13,409","780.00",
"27-MAR-2017","AARTIIND","Aarti Industries Ltd.","JAYA CHANDRAKANT GOGRI","SELL","12,33,014","780.00",
"27-MAR-2017","AARTIIND","Aarti Industries Ltd.","MANISHA RASHESH GOGRI","SELL","4,42,120","780.00",
"27-MAR-2017","AARTIIND","Aarti Industries Ltd.","RASHESH CHANDRAKANT GOGRI","SELL","9,51,059","780.00",
"27-MAR-2017","CANFINHOME","Can Fin Homes Ltd","CHHATTISGARH INVESTMENTS LIMITED","BUY","4,00,000","2,105.00",
"27-MAR-2017","CANFINHOME","Can Fin Homes Ltd","CSP INVESTMENTS","SELL","4,00,000","2,105.00",
"27-MAR-2017","EMAMILTD","Emami Limited","AVISHI SUREKA","BUY","4,00,000","1,030.00",
"27-MAR-2017","EMAMILTD","Emami Limited","JYOTI AGARWAL","SELL","71,000","1,030.00",
"27-MAR-2017","EMAMILTD","Emami Limited","PRITI SUREKA","SELL","14,00,000","1,030.00",
"27-MAR-2017","EMAMILTD","Emami Limited","RADHE SHYAM GOENKA","BUY","2,39,000","1,030.00",
"27-MAR-2017","EMAMILTD","Emami Limited","ROHIN RAJ SUREKA","BUY","10,00,000","1,030.00",
"27-MAR-2017","EMAMILTD","Emami Limited","SHOBHANA AGARWAL","SELL","90,000","1,030.00",
"27-MAR-2017","EMAMILTD","Emami Limited","SMRITI AGARWAL","SELL","78,000","1,030.00",
"27-MAR-2017","ENERGYDEV","Energy Development Compan","AMAR SINGH","BUY","40,00,000","35.00",
"27-MAR-2017","ENERGYDEV","Energy Development Compan","PANKAJA KUMARI SINGH","BUY","15,00,000","35.00",
"27-MAR-2017","ENERGYDEV","Energy Development Compan","STERLITE MERCHANTS LLP","SELL","55,00,000","35.00",
"27-MAR-2017","HEROMOTOCO","Hero MotoCorp Limited","BAHADUR CHAND INVESTMENTS PVT LTD","BUY","88,78,000","3,375.00",
"27-MAR-2017","HEROMOTOCO","Hero MotoCorp Limited","BRIJ MOHAN LAL OM PARKASH","SELL","88,78,000","3,375.00",
"27-MAR-2017","HINDUJAVEN","Hinduja Ventures Limited","AASIA CORPORATION LLP","BUY","3,00,000","505.00",
"27-MAR-2017","HINDUJAVEN","Hinduja Ventures Limited","AASIA EXPORTS","SELL","3,00,000","505.00",
"27-MAR-2017","KOTAKBANK","Kotak Mahindra Bank Limit","ANAND MAHINDRA FAMILY TRUST","BUY","7,40,590","867.00",
"27-MAR-2017","KOTAKBANK","Kotak Mahindra Bank Limit","ANURADHA MAHINDRA FAMILY TRUST","BUY","15,84,990","867.00",
"27-MAR-2017","KOTAKBANK","Kotak Mahindra Bank Limit","MAHINDRA FAMILY TRUST I","SELL","7,40,590","867.00",
"27-MAR-2017","KOTAKBANK","Kotak Mahindra Bank Limit","MAHINDRA FAMILY TRUST II","SELL","15,84,990","867.00",
"27-MAR-2017","MEP","MEP Infra. Developers Ltd","A J TOLLS PRIVATE LIMITED","BUY","1,75,00,000","51.00",
"27-MAR-2017","MEP","MEP Infra. Developers Ltd","ANUYA JAYANT MHAISKAR","BUY","28,50,000","51.00",
"27-MAR-2017","MEP","MEP Infra. Developers Ltd","DATTATRAY PANDURANG MHAISKAR","SELL","1,41,48,591","51.00",
"27-MAR-2017","MEP","MEP Infra. Developers Ltd","IDEAL TOLL AND INFRASTRUCTURE PVT LTD","SELL","1,75,00,000","51.00",
"27-MAR-2017","MEP","MEP Infra. Developers Ltd","JAYANT DATTATRAY MHAISKAR","SELL","28,50,000","51.00",
"27-MAR-2017","MEP","MEP Infra. Developers Ltd","SUDHA DATTATRAY MHAISKAR","BUY","1,41,48,591","51.00",
"27-MAR-2017","RELIANCE","Reliance Industries Ltd","BHAGAVATHI TRUST","SELL","6,28,516","1,270.25",
"27-MAR-2017","RELIANCE","Reliance Industries Ltd","BHAKTI M. MODI TRUST","SELL","50,000","1,270.00",
"27-MAR-2017","RELIANCE","Reliance Industries Ltd","BHAKTI MANOJ MODI","BUY","8,48,596","1,270.06",
"27-MAR-2017","RELIANCE","Reliance Industries Ltd","KHUSHBOO M. MODI TRUST","SELL","1,00,000","1,269.75",
"27-MAR-2017","RELIANCE","Reliance Industries Ltd","KHUSHBOO RAJIV PODDAR","BUY","1,00,000","1,269.75",
"27-MAR-2017","RELIANCE","Reliance Industries Ltd","MANOJ H. MODI","SELL","1,00,000","1,269.25",
"27-MAR-2017","RELIANCE","Reliance Industries Ltd","SMITA M. MODI","SELL","70,080","1,269.50",
"27-MAR-2017","SHK","S H Kelkar and Co. Ltd.","AADITI K VAZE","BUY","12,00,000","305.50",
"27-MAR-2017","SHK","S H Kelkar and Co. Ltd.","KEDAR RAMESH VAZE","SELL","12,00,000","305.50",
"28-MAR-2017","APOLLOTYRE","Apollo Tyres Ltd.","MOTLAY FINANCE PRIVATE LIMITED","BUY","11,87,241","210.50",
"28-MAR-2017","APOLLOTYRE","Apollo Tyres Ltd.","ONKAR SINGH KANWAR","SELL","11,87,241","210.50",
"28-MAR-2017","AUROPHARMA","Aurobindo Pharma Ltd.","GOVINDARAJAN  NARAYANAN","SELL","2,00,000","682.00",
"28-MAR-2017","AUROPHARMA","Aurobindo Pharma Ltd.","HEMA  GOVINDARAJAN","BUY","2,00,000","682.00",
"28-MAR-2017","BAJAJCORP","Bajaj Corp Limited","BAJAJ RESOURCES LIMITED","BUY","1,04,00,000","374.68",
"28-MAR-2017","BAJAJCORP","Bajaj Corp Limited","KNB ENTERPRISES LLP","SELL","73,50,000","374.75",
"28-MAR-2017","BAJAJCORP","Bajaj Corp Limited","SKB ROOP COMMERCIAL LLP","SELL","30,50,000","374.50",
"28-MAR-2017","BANARISUG","Bannari Amman Sugars ","M J SHAH FAMILY TRUST","BUY","1,79,943","1,980.00",
"28-MAR-2017","BANARISUG","Bannari Amman Sugars ","SHAH MAYANK JASHWANTLAL","SELL","1,79,943","1,980.00",
"28-MAR-2017","CARBORUNIV","Carborundum Univ Ltd","M J SHAH FAMILY TRUST","SELL","4,89,000","287.00",
"28-MAR-2017","CARBORUNIV","Carborundum Univ Ltd","SHAH MAYANK JASHWANTLAL","BUY","4,89,000","287.00",
"28-MAR-2017","JSWSTEEL","JSW Steel Limited","M J SHAH FAMILY TRUST","BUY","7,70,000","182.00",
"28-MAR-2017","JSWSTEEL","JSW Steel Limited","SHAH MAYANK JASHWANTLAL","SELL","7,70,000","182.00",
"28-MAR-2017","KARMAENG","Karma Energy Limited","CHETAN DURGADAS MEHRA","SELL","7,16,700","41.60",
"28-MAR-2017","KARMAENG","Karma Energy Limited","RADHIKA CHETAN MEHRA","BUY","7,16,700","41.60",
"28-MAR-2017","MIRCELECTR","Mirc Electronics Ltd.","TAMARIND FAMILY PRIVATE TRUST","SELL","2,59,85,750","13.20",
"28-MAR-2017","MIRCELECTR","Mirc Electronics Ltd.","VIJAY MANSUKHANI","BUY","2,59,85,750","13.20",
"28-MAR-2017","NAGAROIL","Nagarjuna Oil Refinery","ZUARI GLOBAL LIMITED","SELL","1,95,13,000","4.55",
"28-MAR-2017","NAGAROIL","Nagarjuna Oil Refinery","ZUARI INVESTMENTS LTD.","BUY","1,95,13,000","4.55",
"28-MAR-2017","NILKAMAL","Nilkamal Limited","HITEN VAMANRAI PAREKH","SELL","9,25,966","2,010.00",
"28-MAR-2017","NILKAMAL","Nilkamal Limited","MANISH. VAMAN PAREKH","BUY","8,29,691","2,010.00",
"28-MAR-2017","NILKAMAL","Nilkamal Limited","MANJU MANISH PAREKH","BUY","3,80,952","2,010.00",
"28-MAR-2017","NILKAMAL","Nilkamal Limited","NAYAN SHARAD PAREKH.","BUY","12,39,131","2,010.00",
"28-MAR-2017","NILKAMAL","Nilkamal Limited","PAREKH SHARAD VRAJLAL","SELL","7,61,904","2,010.00",
"28-MAR-2017","NILKAMAL","Nilkamal Limited","PURVI NAYAN PAREKH","SELL","3,80,952","2,010.00",
"28-MAR-2017","NILKAMAL","Nilkamal Limited","VAMANRAI VRAJLAL PAREKH.","SELL","3,80,952","2,010.00",
"28-MAR-2017","SHILPAMED","Shilpa Medicare Ltd","KANTADEVI INANI","BUY","2,16,666","636.00",
"28-MAR-2017","SHILPAMED","Shilpa Medicare Ltd","KANTADEVI INANI","SELL","2,16,666","636.00",
"28-MAR-2017","SHILPAMED","Shilpa Medicare Ltd","OMPRAKASH INANI","SELL","1,36,792","636.00",
"28-MAR-2017","SHILPAMED","Shilpa Medicare Ltd","OMPRAKASH INANI","BUY","1,36,792","636.00",
"28-MAR-2017","SHILPAMED","Shilpa Medicare Ltd","TRIVENI INANI","SELL","79,874","636.00",
"28-MAR-2017","SHILPAMED","Shilpa Medicare Ltd","TRIVENI INANI","BUY","79,874","636.00",
"28-MAR-2017","TORNTPHARM","Torrent Pharma Ltd.","MEHTA SUDHIR UTTAMLAL","SELL","58,85,276","1,401.00",
"28-MAR-2017","TORNTPHARM","Torrent Pharma Ltd.","TORRENT PRIVATE LIMITED","BUY","58,85,276","1,401.00",
"28-MAR-2017","TUBEINVEST","Tube Investments Ltd","M J SHAH FAMILY TRUST","SELL","8,90,000","605.00",
"28-MAR-2017","TUBEINVEST","Tube Investments Ltd","SHAH MAYANK JASHWANTLAL","BUY","8,90,000","605.00",
"28-MAR-2017","UFLEX","UFLEX Limited","ASHOK KUMAR CHATURVEDI HUF","BUY","8,18,000","271.00",
"28-MAR-2017","UFLEX","UFLEX Limited","CHATURVEDI ASHOK KUMAR","SELL","3,32,000","271.00",
"28-MAR-2017","UFLEX","UFLEX Limited","CHATURVEDI RASHMI","SELL","4,86,000","271.00",
"28-MAR-2017","VESUVIUS","Vesuvius India Ltd","M J SHAH FAMILY TRUST","BUY","54,949","1,212.00",
"28-MAR-2017","VESUVIUS","Vesuvius India Ltd","SHAH MAYANK JASHWANTLAL","SELL","54,949","1,212.00",
"29-MAR-2017","AARTIIND","Aarti Industries Ltd.","CHANDRAKANT VALLABHAJI GOGRI","BUY","1,50,000","761.00",
"29-MAR-2017","AARTIIND","Aarti Industries Ltd.","JAYA CHANDRAKANT GOGRI","SELL","1,50,000","761.00",
"29-MAR-2017","APOLLOTYRE","Apollo Tyres Ltd.","AMIT DYECHEM PRIVATE LIMITED","BUY","15,60,595","203.00",
"29-MAR-2017","APOLLOTYRE","Apollo Tyres Ltd.","APOLLO INTERNATIONAL LIMITED","SELL","15,60,595","203.00",
"29-MAR-2017","BAJAJCORP","Bajaj Corp Limited","BAJAJ RESOURCES LIMITED","BUY","2,17,06,250","375.00",
"29-MAR-2017","BAJAJCORP","Bajaj Corp Limited","KNB ENTERPRISES LLP","SELL","2,17,06,250","375.00",
"29-MAR-2017","BIOCON","Biocon Limited","MK FAMILY PRIVATE TRUST","BUY","10,00,000","1,150.00",
"29-MAR-2017","BIOCON","Biocon Limited","MURALI KRISHNAN KARAIKAL NARAYANASWAMY","SELL","20,00,000","1,150.00",
"29-MAR-2017","BIOCON","Biocon Limited","SMK FAMILY PRIVATE TRUST","BUY","10,00,000","1,150.00",
"29-MAR-2017","CANFINHOME","Can Fin Homes Ltd","CHHATTISGARH INVESTMENTS LIMITED","BUY","4,70,000","2,100.00",
"29-MAR-2017","CANFINHOME","Can Fin Homes Ltd","CSP INVESTMENTS","SELL","4,70,000","2,100.00",
"29-MAR-2017","DIVISLAB","Divi's Laboratories Limit","CREDIT SUISSE (SINGAPORE) LIMITED A/C CREDIT SUISSE (SINGAP","SELL","11,29,113","635.00",
"29-MAR-2017","DIVISLAB","Divi's Laboratories Limit","VALIANT MAURITIUS PARTNERS LIMITED","BUY","11,29,113","635.00",
"29-MAR-2017","DMART","Avenue Supermarts Limited","CREDIT SUISSE (SINGAPORE) LIMITED A/C CREDIT SUISSE (SINGAP","SELL","1,57,519","630.00",
"29-MAR-2017","DMART","Avenue Supermarts Limited","VALIANT MAURITIUS PARTNERS LIMITED","BUY","1,57,519","630.00",
"29-MAR-2017","HATHWAY","Hathway Cable & Datacom","CLSA GLOBAL MARKETS PTE LTD","BUY","1,88,05,324","37.90",
"29-MAR-2017","HATHWAY","Hathway Cable & Datacom","GOLDMAN SACHS SINGAPORE PTE","SELL","1,88,05,324","37.90",
"29-MAR-2017","HAVELLS","Havells India Limited","ARG FAMILY TRUST","BUY","1,88,62,400","450.00",
"29-MAR-2017","HAVELLS","Havells India Limited","GUPTAJEE AND COMPANY","SELL","1,88,62,400","450.00",
"29-MAR-2017","INDUSINDBK","IndusInd Bank Ltd.","GOLDMAN SACHS INVESTMENTS MAURITIUS  I LTD","SELL","67,85,345","1,400.00",
"29-MAR-2017","INDUSINDBK","IndusInd Bank Ltd.","TYBOURNE EQUITY MASTER FUND","BUY","42,38,180","1,400.00",
"29-MAR-2017","INDUSINDBK","IndusInd Bank Ltd.","TYBOURNE LONG OPPORTUNITIES MASTER FUND","BUY","25,47,165","1,400.00",
"29-MAR-2017","KOTAKBANK","Kotak Mahindra Bank Limit","ANAND MAHINDRA FAMILY TRUST","SELL","7,40,590","860.00",
"29-MAR-2017","KOTAKBANK","Kotak Mahindra Bank Limit","ANURADHA MAHINDRA FAMILY TRUST","SELL","15,84,990","860.00",
"29-MAR-2017","KOTAKBANK","Kotak Mahindra Bank Limit","MAHINDRA FAMILY TRUST I","BUY","7,40,590","860.00",
"29-MAR-2017","KOTAKBANK","Kotak Mahindra Bank Limit","MAHINDRA FAMILY TRUST II","BUY","15,84,990","860.00",
"29-MAR-2017","NILKAMAL","Nilkamal Limited","HITEN VAMANRAI PAREKH","BUY","13,06,918","1,975.00",
"29-MAR-2017","NILKAMAL","Nilkamal Limited","MANISH. VAMAN PAREKH","SELL","4,48,739","1,975.00",
"29-MAR-2017","NILKAMAL","Nilkamal Limited","MANJU MANISH PAREKH","SELL","3,80,952","1,975.00",
"29-MAR-2017","NILKAMAL","Nilkamal Limited","NAYAN SHARAD PAREKH.","SELL","5,23,427","1,975.00",
"29-MAR-2017","NILKAMAL","Nilkamal Limited","PAREKH SHARAD VRAJLAL","BUY","46,200","1,975.00",
"29-MAR-2017","NILKAMAL","Nilkamal Limited","PURVI NAYAN PAREKH","BUY","3,80,952","1,975.00",
"29-MAR-2017","NILKAMAL","Nilkamal Limited","VAMANRAI VRAJLAL PAREKH.","SELL","3,80,952","1,975.00",
"29-MAR-2017","SHEMAROO","Shemaroo Enter. Ltd.","HIREN UDAY GADA","SELL","5,46,840","376.00",
"29-MAR-2017","SHEMAROO","Shemaroo Enter. Ltd.","KRANTI GADA ARAMBHAN","BUY","5,46,840","376.00",
"29-MAR-2017","SHILPAMED","Shilpa Medicare Ltd","DEEPAK KUMAR INANI","BUY","1,56,918","620.00",
"29-MAR-2017","SHILPAMED","Shilpa Medicare Ltd","DHARMAVATHI VISHNUKANT BHUTADA","BUY","14,34,090","619.70",
"29-MAR-2017","SHILPAMED","Shilpa Medicare Ltd","MANJULATA INANI","SELL","13,08,806","619.00",
"29-MAR-2017","SHILPAMED","Shilpa Medicare Ltd","RAVI KUMAR INANI","SELL","1,56,918","620.00",
"29-MAR-2017","SHILPAMED","Shilpa Medicare Ltd","SHAKUNTHALABAI INANI","SELL","1,25,284","627.00",
"29-MAR-2017","STAR","Strides Shasun Limited","DEVENDRA ESTATES LLP","BUY","80,000","1,129.00",
"29-MAR-2017","STAR","Strides Shasun Limited","SHASUN LEASING AND FINANCE PVT LTD","SELL","80,000","1,129.00",
"29-MAR-2017","SUNTECK","Sunteck Realty Limited","ASTHA TRUST","BUY","27,00,000","377.85",
"29-MAR-2017","SUNTECK","Sunteck Realty Limited","MATRABHAV TRUST","SELL","27,00,000","377.85",
"29-MAR-2017","TEXINFRA","Texmaco Infra & Holdg Ltd","ZUARI GLOBAL LIMITED","BUY","28,50,000","41.50",
"29-MAR-2017","TEXINFRA","Texmaco Infra & Holdg Ltd","ZUARI INVESTMENTS LTD.","SELL","28,50,000","41.50",
"29-MAR-2017","TORNTPHARM","Torrent Pharma Ltd.","MEHTA SAPNA SAMIR","SELL","88,58,864","1,440.00",
"29-MAR-2017","TORNTPHARM","Torrent Pharma Ltd.","TORRENT PRIVATE LIMITED","BUY","88,58,864","1,440.00",
"29-MAR-2017","WEBELSOLAR","Websol Energy System Ltd","INDIA MAX INVESTMENT FUND LTD","SELL","7,80,000","56.00",
"29-MAR-2017","WEBELSOLAR","Websol Energy System Ltd","SOHAN AGARWAL","BUY","7,80,000","56.00",
"30-MAR-2017","AARTIIND","Aarti Industries Ltd.","CHANDRAKANT VALLABHAJI GOGRI","BUY","1,00,000","758.00",
"30-MAR-2017","AARTIIND","Aarti Industries Ltd.","HETAL GOGRI GALA","SELL","1,00,000","758.00",
"30-MAR-2017","APARINDS","Apar Industries Limited","CHAITANYA N DESAI","SELL","8,50,000","711.00",
"30-MAR-2017","APARINDS","Apar Industries Limited","KUSHAL N DESAI","SELL","8,50,000","711.00",
"30-MAR-2017","APARINDS","Apar Industries Limited","NOOPUR KUSHAL DESAI","BUY","17,00,000","711.00",
"30-MAR-2017","ASAHIINDIA","Asahi India Glass Limited","M J SHAH FAMILY TRUST","SELL","16,00,000","210.00",
"30-MAR-2017","ASAHIINDIA","Asahi India Glass Limited","SHAH MAYANK JASHWANTLAL","BUY","9,00,000","210.00",
"30-MAR-2017","ASAHIINDIA","Asahi India Glass Limited","SHAH SHREYANS JASHWANTLAL","BUY","7,00,000","210.00",
"30-MAR-2017","CANFINHOME","Can Fin Homes Ltd","CHHATTISGARH INVESTMENTS LIMITED","BUY","2,48,607","2,080.00",
"30-MAR-2017","CANFINHOME","Can Fin Homes Ltd","CSP INVESTMENTS","SELL","5,48,607","2,080.00",
"30-MAR-2017","CANFINHOME","Can Fin Homes Ltd","SARDA ENERGY AND MINERALS LIMITED","BUY","3,00,000","2,080.00",
"30-MAR-2017","FINPIPE","Finolex Ind Ltd.","M J SHAH FAMILY TRUST","BUY","4,15,000","564.00",
"30-MAR-2017","FINPIPE","Finolex Ind Ltd.","SHAH MAYANK JASHWANTLAL","SELL","1,55,000","564.00",
"30-MAR-2017","FINPIPE","Finolex Ind Ltd.","SHAH SHREYANS JASHWANTLAL","SELL","2,60,000","564.00",
"30-MAR-2017","IRB","IRB Infrastructure Develo","IDEAL SOFT TECH PARK PRIVATE LIMITED","BUY","19,57,05,015","234.00",
"30-MAR-2017","IRB","IRB Infrastructure Develo","VIRENDRA D MHAISKAR","SELL","11,19,67,220","234.00",
"30-MAR-2017","IRB","IRB Infrastructure Develo","VIRENDRA D MHAISKAR HUF","SELL","8,37,37,795","234.00",
"30-MAR-2017","MRF","MRF Ltd.","M J SHAH FAMILY TRUST","BUY","1,800","59,300.00",
"30-MAR-2017","MRF","MRF Ltd.","SHAH MAYANK JASHWANTLAL","SELL","1,800","59,300.00",
"30-MAR-2017","PFOCUS","Prime Focus Limited","RELIANCE MEDIAWORKS FINANCIAL SERVICES PRIVATE LIMITED","BUY","10,49,39,361","84.50",
"30-MAR-2017","PFOCUS","Prime Focus Limited","RELIANCE MEDIAWORKS LIMITED","SELL","10,49,39,361","84.50",
"30-MAR-2017","SARDAEN","Sarda Energy & Min Ltd","C S P INVESTMENTS","SELL","5,00,000","244.00",
"30-MAR-2017","SARDAEN","Sarda Energy & Min Ltd","CHHATTISGARH INVESTMENTS LIMITED","BUY","10,00,000","244.00",
"30-MAR-2017","SARDAEN","Sarda Energy & Min Ltd","CSP INVESTMENT","SELL","5,00,000","244.00",
"30-MAR-2017","SHILPAMED","Shilpa Medicare Ltd","DHARMAVATHI VISHNUKANT BHUTADA","BUY","8,90,754","617.00",
"30-MAR-2017","SHILPAMED","Shilpa Medicare Ltd","KANTADEVI INANI","SELL","10,16,038","617.00",
"30-MAR-2017","SHILPAMED","Shilpa Medicare Ltd","VISHNUKANT  CHATURBHUJ BHUTADA","BUY","10,16,038","617.00",
"30-MAR-2017","SHILPAMED","Shilpa Medicare Ltd","VISHNUKANTH C BHUTADA HUF","SELL","8,90,754","617.00",
"30-MAR-2017","SHK","S H Kelkar and Co. Ltd.","KEDAR RAMESH VAZE","BUY","10,00,000","301.50",
"30-MAR-2017","SHK","S H Kelkar and Co. Ltd.","PRABHA RAMESH VAZE","SELL","10,00,000","301.50",
"30-MAR-2017","SIGNET","Signet Industries Limited","MONIKA SANGLA","SELL","1,50,00,000","15.70",
"30-MAR-2017","SIGNET","Signet Industries Limited","MUKESH SANGLA","BUY","4,50,00,000","15.68",
"30-MAR-2017","SIGNET","Signet Industries Limited","MUKESH SANGLA","SELL","1,50,00,000","15.70",
"30-MAR-2017","SIGNET","Signet Industries Limited","SAURABH SANGLA","SELL","1,50,00,000","15.65",
"31-MAR-2017","AARTIIND","Aarti Industries Ltd.","CHANDRAKANT VALLABHAJI GOGRI","BUY","2,53,217","755.00",
"31-MAR-2017","AARTIIND","Aarti Industries Ltd.","JAYA CHANDRAKANT GOGRI","SELL","2,53,217","755.00",
"31-MAR-2017","ABFRL","Aditya Birla Fas & Rt Ltd","BENNETT COLEMAN & CO LTD","BUY","7,79,000","150.00",
"31-MAR-2017","ABFRL","Aditya Birla Fas & Rt Ltd","DHARMAYUG INVESTMENTS LIMITED","SELL","3,42,000","150.00",
"31-MAR-2017","ABFRL","Aditya Birla Fas & Rt Ltd","VARDHAMAN PUBLISHERS LIMITED","SELL","4,37,000","150.00",
"31-MAR-2017","FRETAIL","Future Retail Limited","BENNETT COLEMAN & CO LTD","BUY","41,00,000","256.00",
"31-MAR-2017","FRETAIL","Future Retail Limited","DHARMAYUG INVESTMENTS LIMITED","SELL","18,00,000","256.00",
"31-MAR-2017","FRETAIL","Future Retail Limited","VARDHAMAN PUBLISHERS LIMITED","SELL","23,00,000","256.00",
"31-MAR-2017","HUBTOWN","Ackruti City Limited","ANAND RATHI CAPITAL ADVISORS PVT LTD","BUY","20,00,000","99.00",
"31-MAR-2017","HUBTOWN","Ackruti City Limited","RATHI GLOBAL FINANCE PVT.LTD","SELL","20,00,000","99.00",
"31-MAR-2017","PROVOGE","Provogue (India) Limited","GAYATRI S RAHEJA","SELL","12,49,599","4.09",
"31-MAR-2017","PROVOGE","Provogue (India) Limited","SIDDHI HOLDINGS","SELL","12,39,919","4.15",
"31-MAR-2017","PROVOGE","Provogue (India) Limited","UNIQUE ESTATE DEV CO LTD","BUY","24,89,518","4.12",
"31-MAR-2017","PROZONINTU","Prozone Intu Prop Limited","GAYATRI S RAHEJA","SELL","12,49,554","35.37",
"31-MAR-2017","PROZONINTU","Prozone Intu Prop Limited","SIDDHI HOLDINGS","SELL","6,25,252","35.25",
"31-MAR-2017","PROZONINTU","Prozone Intu Prop Limited","UNIQUE ESTATE DEV CO LTD","BUY","18,74,806","35.33",
"31-MAR-2017","SHILPAMED","Shilpa Medicare Ltd","BRIJGOPAL INNANI","BUY","1,49,530","612.00",
"31-MAR-2017","SHILPAMED","Shilpa Medicare Ltd","DEEPAK KUMAR INANI","SELL","1,56,918","612.00",
"31-MAR-2017","SHILPAMED","Shilpa Medicare Ltd","DHARMAVATHI VISHNUKANT BHUTADA","SELL","23,24,844","614.30",
"31-MAR-2017","SHILPAMED","Shilpa Medicare Ltd","KANTADEVI INANI","BUY","10,16,038","612.00",
"31-MAR-2017","SHILPAMED","Shilpa Medicare Ltd","MANJULATA INANI","BUY","13,08,806","612.00",
"31-MAR-2017","SHILPAMED","Shilpa Medicare Ltd","NATAMAL  INNANI","BUY","1,36,792","612.00",
"31-MAR-2017","SHILPAMED","Shilpa Medicare Ltd","OMPRAKASH INANI","SELL","1,36,792","612.00",
"31-MAR-2017","SHILPAMED","Shilpa Medicare Ltd","RAMAKANT INANI","SELL","1,49,530","612.00",
"31-MAR-2017","SHILPAMED","Shilpa Medicare Ltd","RAVI KUMAR INANI","BUY","1,56,918","612.00",
"31-MAR-2017","SHILPAMED","Shilpa Medicare Ltd","SHAKUNTHALABAI INANI","BUY","1,25,284","612.00",
"31-MAR-2017","SHILPAMED","Shilpa Medicare Ltd","VISHNUKANT  CHATURBHUJ BHUTADA","SELL","10,16,038","612.00",
"31-MAR-2017","SHILPAMED","Shilpa Medicare Ltd","VISHNUKANTH C BHUTADA HUF","BUY","8,90,754","618.00",
"31-MAR-2017","SIGNET","Signet Industries Limited","AVANTIKA SANGLA","SELL","30,00,000","16.30",
"31-MAR-2017","SIGNET","Signet Industries Limited","MONIKA SANGLA","BUY","1,90,00,000","16.28",
"31-MAR-2017","SIGNET","Signet Industries Limited","MUKESH SANGLA","SELL","30,00,000","16.35",
"31-MAR-2017","SIGNET","Signet Industries Limited","MUKESH SANGLA","SELL","1,00,00,000","16.25",
"31-MAR-2017","SIGNET","Signet Industries Limited","SAURABH SANGLA","SELL","30,00,000","16.30",
"12-APR-2017","JVLAGRO","JVL Agro Industries Ltd","CRESTA FUND LTD","SELL","49,00,000","22.35",
"12-APR-2017","JVLAGRO","JVL Agro Industries Ltd","ERISKA INVESTMENT FUND LTD","BUY","49,00,000","22.35",
"26-APR-2017","ARIHANTSUP","Arihant Superstruct Ltd","INDIA OPPORTUNITIES GROWTH FUND LTD PINEWOOD STRATEGY","SELL","9,50,000","130.25",
"26-APR-2017","ARIHANTSUP","Arihant Superstruct Ltd","L&T MUTUAL FUND A/C L&T MONTHLY INCOME PLAN","BUY","9,50,000","130.25",
"12-MAY-2017","APOLLOTYRE","Apollo Tyres Ltd.","MOTLAY FINANCE PRIVATE LIMITED","BUY","2,18,000","231.00",
"12-MAY-2017","APOLLOTYRE","Apollo Tyres Ltd.","ONKAR SINGH KANWAR","SELL","8,00,000","231.36",
"12-MAY-2017","APOLLOTYRE","Apollo Tyres Ltd.","SUNRAYS PROPERTIES & INVESTMENT CO PVT LTD","BUY","5,82,000","231.50",